Name,alpha,beta,p_alpha,r2,typ,portfolio
DLR,0.00724,0.01351,0.36606,4e-05,Defenzívny (β<1),1
SO,-0.00117,0.06124,0.83838,0.00177,Defenzívny (β<1),1
ED,0.00346,0.06818,0.61563,0.00152,Defenzívny (β<1),1
CAG,-4e-05,0.10101,0.99604,0.00231,Defenzívny (β<1),1
WEC,0.00496,0.13901,0.47914,0.0061,Defenzívny (β<1),1
DUK,-0.0001,0.1468,0.98815,0.00789,Defenzívny (β<1),1
STZ,0.02486,0.1621,0.00016,0.0106,Defenzívny (β<1),1
CMS,0.0062,0.16701,0.34282,0.01012,Defenzívny (β<1),1
CCI,0.0057,0.19219,0.35957,0.01472,Defenzívny (β<1),1
DRI,0.01026,0.19789,0.20316,0.0094,Defenzívny (β<1),1
D,0.00274,0.2103,0.61025,0.02327,Defenzívny (β<1),1
PCG,-0.00319,0.21707,0.68658,0.01157,Defenzívny (β<1),1
AEP,0.00338,0.22198,0.6168,0.0165,Defenzívny (β<1),1
DTE,0.00461,0.22648,0.43305,0.02265,Defenzívny (β<1),1
XEL,0.00449,0.23186,0.48157,0.02021,Defenzívny (β<1),1
TSN,0.01749,0.23764,0.06323,0.0101,Defenzívny (β<1),1
SRCL,-0.00685,0.25728,0.41139,0.01465,Defenzívny (β<1),1
KORS,-0.0006,0.27466,0.96482,0.0063,Defenzívny (β<1),1
EIX,0.00117,0.27833,0.89053,0.0163,Defenzívny (β<1),1
AWK,0.00889,0.28025,0.15222,0.03124,Defenzívny (β<1),1
NEM,-0.00392,0.2859,0.81139,0.00468,Defenzívny (β<1),1
NEE,0.00928,0.31503,0.15152,0.03616,Defenzívny (β<1),1
HCP,-0.01508,0.31674,0.08471,0.02048,Defenzívny (β<1),1
NI,-0.00582,0.31677,0.74898,0.00469,Defenzívny (β<1),1
EQIX,0.00883,0.32226,0.19222,0.03446,Defenzívny (β<1),1
EXC,-0.00036,0.33248,0.96383,0.02666,Defenzívny (β<1),1
SCG,-0.00773,0.33489,0.32936,0.02722,Defenzívny (β<1),1
CLX,0.00404,0.33597,0.48977,0.04899,Defenzívny (β<1),1
FE,-0.00716,0.34409,0.40739,0.02417,Defenzívny (β<1),1
T,-0.0026,0.34884,0.67723,0.04618,Defenzívny (β<1),1
MSI,0.00522,0.35505,0.46031,0.03789,Defenzívny (β<1),1
HCN,-0.00524,0.35647,0.50875,0.03059,Defenzívny (β<1),1
LLY,0.00243,0.36545,0.68967,0.05294,Defenzívny (β<1),1
WMT,0.00299,0.36806,0.64562,0.04753,Defenzívny (β<1),1
UAA,-0.00202,0.36869,0.88369,0.01097,Defenzívny (β<1),1
PNW,0.00166,0.37104,0.80307,0.04623,Defenzívny (β<1),1
AEE,0.00427,0.37391,0.47415,0.05773,Defenzívny (β<1),1
VTR,-0.00815,0.37736,0.33837,0.02984,Defenzívny (β<1),1
ES,0.00191,0.37948,0.76804,0.0505,Defenzívny (β<1),1
EQR,-0.00284,0.38415,0.6226,0.06461,Defenzívny (β<1),1
TPR,-0.0028,0.3865,0.77797,0.02298,Defenzívny (β<1),1
EXR,0.00929,0.39215,0.244,0.03662,Defenzívny (β<1),1
RE,0.00774,0.41427,0.12265,0.09777,Defenzívny (β<1),1
O,-0.00251,0.41639,0.77552,0.03359,Defenzívny (β<1),1
HSY,-0.0008,0.41751,0.90691,0.05501,Defenzívny (β<1),1
CPB,-0.00233,0.42471,0.75192,0.04928,Defenzívny (β<1),1
HRB,-0.00316,0.42514,0.77184,0.02309,Defenzívny (β<1),1
PSA,-0.00035,0.42534,0.95859,0.05819,Defenzívny (β<1),1
LNT,0.00378,0.42784,0.54956,0.06669,Defenzívny (β<1),2
MAA,9e-05,0.43653,0.98912,0.05986,Defenzívny (β<1),2
MCD,0.00522,0.44248,0.27266,0.11945,Defenzívny (β<1),2
ISRG,0.01025,0.45403,0.27937,0.03478,Defenzívny (β<1),2
PG,-0.00283,0.45751,0.54184,0.13149,Defenzívny (β<1),2
MO,0.00738,0.46492,0.25735,0.07399,Defenzívny (β<1),2
CHRW,0.0039,0.47488,0.58531,0.06443,Defenzívny (β<1),2
FRT,-0.00343,0.47942,0.58927,0.08134,Defenzívny (β<1),2
CHD,0.00281,0.48482,0.60436,0.11061,Defenzívny (β<1),2
ETR,-0.00176,0.4956,0.798,0.07457,Defenzívny (β<1),2
K,-0.00348,0.50768,0.51725,0.12242,Defenzívny (β<1),2
UDR,0.00129,0.51303,0.83335,0.09822,Defenzívny (β<1),2
AVB,-0.00059,0.51638,0.91843,0.1118,Defenzívny (β<1),2
VZ,-0.00304,0.51948,0.62916,0.09587,Defenzívny (β<1),2
PEG,0.00177,0.52029,0.78959,0.08729,Defenzívny (β<1),2
AIV,6e-05,0.52449,0.99266,0.09409,Defenzívny (β<1),2
PPL,-0.00492,0.52471,0.44796,0.09285,Defenzívny (β<1),2
COG,-0.00936,0.52938,0.39177,0.03539,Defenzívny (β<1),2
RSG,0.00718,0.54791,0.05073,0.26308,Defenzívny (β<1),2
SRE,-4e-05,0.55642,0.99437,0.15445,Defenzívny (β<1),2
HRL,0.00442,0.55748,0.55527,0.07927,Defenzívny (β<1),2
ULTA,0.0101,0.55839,0.35394,0.03945,Defenzívny (β<1),2
SYMC,-0.00287,0.56449,0.74762,0.05854,Defenzívny (β<1),2
HCA,0.01128,0.56645,0.16128,0.07257,Defenzívny (β<1),2
PEP,0.00173,0.56899,0.65546,0.25152,Defenzívny (β<1),2
FB,0.02643,0.5735,0.01646,0.04236,Defenzívny (β<1),2
EL,0.00728,0.57941,0.25677,0.11349,Defenzívny (β<1),2
KO,-0.00286,0.59106,0.52929,0.20852,Defenzívny (β<1),2
CME,0.01121,0.59374,0.06073,0.13656,Defenzívny (β<1),2
ESS,0.0011,0.59422,0.86673,0.11329,Defenzívny (β<1),2
CNP,-0.00178,0.59447,0.7649,0.13418,Defenzívny (β<1),2
CI,0.01485,0.59801,0.05898,0.08479,Defenzívny (β<1),2
EW,0.01313,0.60023,0.24101,0.04321,Defenzívny (β<1),2
MKC,0.0017,0.60742,0.75598,0.16092,Defenzívny (β<1),2
REG,-0.00365,0.61066,0.61542,0.09902,Defenzívny (β<1),2
ICE,0.00836,0.61408,0.18654,0.12926,Defenzívny (β<1),2
OXY,-0.00815,0.61514,0.26466,0.1002,Defenzívny (β<1),2
COO,0.00748,0.61957,0.31156,0.09913,Defenzívny (β<1),2
KMB,-0.00253,0.62002,0.66891,0.14572,Defenzívny (β<1),2
HBI,0.00775,0.62658,0.40459,0.06631,Defenzívny (β<1),2
AIZ,0.00691,0.62683,0.32399,0.1115,Defenzívny (β<1),2
AMT,0.0043,0.62847,0.51316,0.12448,Defenzívny (β<1),2
SBUX,0.00584,0.63571,0.31097,0.16018,Defenzívny (β<1),2
CBOE,0.01373,0.63666,0.06698,0.1035,Defenzívny (β<1),2
SYY,0.00435,0.63675,0.39525,0.19505,Defenzívny (β<1),2
DPS,0.01095,0.64066,0.07995,0.14349,Defenzívny (β<1),2
JNJ,0.00345,0.64196,0.43795,0.24502,Defenzívny (β<1),2
HAS,0.00995,0.64506,0.18975,0.10227,Defenzívny (β<1),2
CCL,0.00523,0.65275,0.45723,0.11829,Defenzívny (β<1),3
RTN,0.01623,0.65631,0.00678,0.16571,Defenzívny (β<1),3
SPG,-0.00622,0.65794,0.34971,0.133,Defenzívny (β<1),3
XL,0.00049,0.66911,0.93254,0.17039,Defenzívny (β<1),3
CTL,-0.01771,0.66948,0.10056,0.05775,Defenzívny (β<1),3
PVH,-0.00252,0.66953,0.80969,0.06,Defenzívny (β<1),3
RL,-0.01388,0.67393,0.1786,0.06311,Defenzívny (β<1),3
KIM,-0.01269,0.67541,0.12683,0.09471,Defenzívny (β<1),3
NKE,0.0087,0.67692,0.21315,0.12861,Defenzívny (β<1),3
YUM,-0.00259,0.67699,0.7839,0.07383,Defenzívny (β<1),3
FLIR,0.00417,0.6787,0.60554,0.09896,Defenzívny (β<1),3
TDG,0.00599,0.68024,0.48868,0.08784,Defenzívny (β<1),3
LMT,0.01679,0.68136,0.00041,0.26285,Defenzívny (β<1),3
AET,0.0164,0.68702,0.02623,0.12324,Defenzívny (β<1),3
EXPD,0.00177,0.68782,0.7574,0.18265,Defenzívny (β<1),3
SBAC,0.00812,0.68876,0.30157,0.10754,Defenzívny (β<1),3
GIS,-0.00331,0.69173,0.51825,0.22173,Defenzívny (β<1),3
CL,-0.00272,0.69548,0.55166,0.26543,Defenzívny (β<1),3
WM,0.00693,0.69721,0.12815,0.27087,Defenzívny (β<1),3
SJM,-0.00235,0.70067,0.73331,0.13842,Defenzívny (β<1),3
SWKS,0.0198,0.70436,0.0652,0.06442,Defenzívny (β<1),3
NWL,-0.00235,0.70755,0.80241,0.08135,Defenzívny (β<1),3
CA,-0.00077,0.70778,0.88038,0.22732,Defenzívny (β<1),3
NDAQ,0.00864,0.70819,0.16634,0.169,Defenzívny (β<1),3
DGX,0.00347,0.70932,0.61399,0.14221,Defenzívny (β<1),3
COL,0.00723,0.71607,0.26625,0.15984,Defenzívny (β<1),3
NOC,0.02096,0.7187,0.0001,0.24145,Defenzívny (β<1),3
TGT,-0.00384,0.72323,0.6408,0.10721,Defenzívny (β<1),3
LB,-0.00513,0.72633,0.66849,0.05417,Defenzívny (β<1),3
SYK,0.00824,0.72634,0.08767,0.26542,Defenzívny (β<1),3
L,-0.00468,0.72983,0.22097,0.36437,Defenzívny (β<1),3
DE,0.00372,0.73055,0.57445,0.15952,Defenzívny (β<1),3
PM,-0.00525,0.73816,0.39913,0.1802,Defenzívny (β<1),3
PRGO,-0.01083,0.74352,0.23272,0.09555,Defenzívny (β<1),3
EA,0.0259,0.74716,0.02265,0.06565,Defenzívny (β<1),3
MSFT,0.01293,0.74756,0.10026,0.12561,Defenzívny (β<1),3
MDLZ,0.00119,0.74778,0.84904,0.18266,Defenzívny (β<1),3
IDXX,0.01581,0.75107,0.09718,0.08991,Defenzívny (β<1),3
BAX,-0.00718,0.75795,0.53792,0.06177,Defenzívny (β<1),3
EXPE,0.00508,0.75843,0.63037,0.07447,Defenzívny (β<1),3
PGR,0.00623,0.77905,0.27737,0.22483,Defenzívny (β<1),3
MAT,-0.02149,0.78569,0.07956,0.06156,Defenzívny (β<1),3
TJX,0.00187,0.7864,0.71688,0.26587,Defenzívny (β<1),3
UNH,0.01707,0.78981,0.00203,0.25626,Defenzívny (β<1),3
VFC,0.00535,0.79393,0.37391,0.21434,Defenzívny (β<1),3
KMI,-0.0197,0.79424,0.07778,0.07468,Defenzívny (β<1),3
MRK,-0.00255,0.79836,0.65728,0.23035,Defenzívny (β<1),3
TAP,0.00203,0.79955,0.78135,0.15688,Defenzívny (β<1),4
EFX,0.00554,0.8059,0.45733,0.15445,Defenzívny (β<1),4
BXP,-0.00535,0.80663,0.34505,0.24057,Defenzívny (β<1),4
DRE,0.00037,0.81203,0.9574,0.17519,Defenzívny (β<1),4
ANTM,0.01524,0.8141,0.02644,0.18575,Defenzívny (β<1),4
ADP,0.00305,0.81961,0.53518,0.30255,Defenzívny (β<1),4
VRSK,0.00076,0.82679,0.87565,0.31117,Defenzívny (β<1),4
GOOGL,0.00884,0.82807,0.21802,0.17323,Defenzívny (β<1),4
CNC,0.01828,0.8284,0.07368,0.095,Defenzívny (β<1),4
BLL,0.00223,0.82929,0.69439,0.24934,Defenzívny (β<1),4
PKI,0.00597,0.82941,0.32746,0.22457,Defenzívny (β<1),4
DLTR,0.00691,0.83155,0.42934,0.12393,Defenzívny (β<1),4
BRK.B,0.00388,0.83525,0.31022,0.42836,Defenzívny (β<1),4
TWX,0.00229,0.84059,0.76102,0.16176,Defenzívny (β<1),4
VAR,0.00097,0.84436,0.89095,0.18122,Defenzívny (β<1),4
APH,0.00777,0.84589,0.04166,0.44188,Defenzívny (β<1),4
AZO,0.00335,0.85025,0.59806,0.21763,Defenzívny (β<1),4
GD,0.0117,0.85084,0.01693,0.32998,Defenzívny (β<1),4
AKAM,0.00179,0.85097,0.89021,0.06295,Defenzívny (β<1),4
NLSN,-0.0057,0.85329,0.40414,0.19616,Defenzívny (β<1),4
DHR,-0.00025,0.85415,0.96523,0.252,Defenzívny (β<1),4
KSU,-0.00688,0.85656,0.43514,0.12841,Defenzívny (β<1),4
XOM,-0.01014,0.86456,0.04478,0.32031,Defenzívny (β<1),4
CB,0.00146,0.86999,0.72335,0.41032,Defenzívny (β<1),4
GE,-0.01467,0.87071,0.02848,0.21499,Defenzívny (β<1),4
NFLX,0.03043,0.87317,0.06148,0.04407,Defenzívny (β<1),4
BF.B,0.00373,0.87347,0.53064,0.25176,Defenzívny (β<1),4
USB,0.00024,0.87781,0.95158,0.43338,Defenzívny (β<1),4
JNPR,-0.00433,0.88029,0.65697,0.11271,Defenzívny (β<1),4
FISV,0.01131,0.88236,0.01544,0.36856,Defenzívny (β<1),4
MTB,0.00212,0.88485,0.72899,0.24564,Defenzívny (β<1),4
CMG,-0.01037,0.891,0.38541,0.08003,Defenzívny (β<1),4
MDT,0.00199,0.89669,0.72343,0.28299,Defenzívny (β<1),4
V,0.01049,0.89918,0.04621,0.31952,Defenzívny (β<1),4
IBM,-0.01236,0.90009,0.04037,0.26418,Defenzívny (β<1),4
PBCT,-0.00155,0.90027,0.77459,0.30046,Defenzívny (β<1),4
LH,0.0029,0.90095,0.60323,0.28892,Defenzívny (β<1),4
VRSN,0.00651,0.90345,0.41442,0.16683,Defenzívny (β<1),4
GWW,-0.00566,0.90377,0.4604,0.17829,Defenzívny (β<1),4
JWN,-0.00957,0.90744,0.37469,0.09975,Defenzívny (β<1),4
HOLX,0.00229,0.90904,0.76099,0.18513,Defenzívny (β<1),4
PDCO,-0.0092,0.91135,0.12828,0.26447,Defenzívny (β<1),4
CINF,-5e-05,0.91238,0.99164,0.32467,Defenzívny (β<1),4
FIS,0.00769,0.91403,0.15893,0.30708,Defenzívny (β<1),4
PNC,0.0071,0.91623,0.18749,0.31309,Defenzívny (β<1),4
PFE,-0.00398,0.91674,0.39272,0.37745,Defenzívny (β<1),4
ACN,0.00418,0.91808,0.40775,0.34083,Defenzívny (β<1),4
BSX,0.01306,0.921,0.11873,0.16103,Defenzívny (β<1),4
COST,0.00175,0.92293,0.74862,0.30669,Defenzívny (β<1),5
AVGO,0.02414,0.92549,0.01522,0.12409,Defenzívny (β<1),5
ARNC,-0.00847,0.92767,0.57097,0.05665,Defenzívny (β<1),5
MAC,-0.00815,0.929,0.26301,0.20347,Defenzívny (β<1),5
HIG,0.00618,0.92921,0.25873,0.31207,Defenzívny (β<1),5
MON,-0.00526,0.93029,0.39153,0.26403,Defenzívny (β<1),5
VMC,0.0072,0.93075,0.262,0.24825,Defenzívny (β<1),5
ATVI,0.01816,0.93081,0.0566,0.13283,Defenzívny (β<1),5
ALL,0.0042,0.93242,0.35741,0.39524,Defenzívny (β<1),5
CERN,-0.002,0.93257,0.80408,0.17282,Defenzívny (β<1),5
VLO,0.0031,0.93288,0.7545,0.1213,Defenzívny (β<1),5
CTAS,0.01298,0.9331,0.00326,0.42827,Defenzívny (β<1),5
BIIB,0.00305,0.93323,0.78059,0.10165,Defenzívny (β<1),5
PAYX,0.00296,0.934,0.5302,0.37968,Defenzívny (β<1),5
UNP,0.00229,0.93629,0.70874,0.26599,Defenzívny (β<1),5
FTI,-0.01712,0.93755,0.11732,0.10449,Defenzívny (β<1),5
HSIC,-5e-05,0.93809,0.99225,0.30662,Defenzívny (β<1),5
EQT,-0.01294,0.93829,0.19904,0.12032,Defenzívny (β<1),5
GGP,-0.006,0.94295,0.46711,0.16932,Defenzívny (β<1),5
JCI,-0.00639,0.94386,0.33601,0.24021,Defenzívny (β<1),5
ANSS,0.00361,0.94448,0.56086,0.26471,Defenzívny (β<1),5
WAT,0.00465,0.94647,0.47511,0.2482,Defenzívny (β<1),5
FL,-0.00269,0.94814,0.83061,0.0814,Defenzívny (β<1),5
INTC,0.00453,0.9483,0.53425,0.20905,Defenzívny (β<1),5
KR,0.00301,0.94992,0.7655,0.12072,Defenzívny (β<1),5
ADM,-0.00368,0.95019,0.62494,0.19861,Defenzívny (β<1),5
LKQ,0.00236,0.95187,0.74618,0.20986,Defenzívny (β<1),5
CVS,-0.00215,0.95412,0.7471,0.24098,Defenzívny (β<1),5
HON,0.00441,0.95433,0.1202,0.64191,Defenzívny (β<1),5
JBHT,0.00038,0.95448,0.94836,0.29361,Defenzívny (β<1),5
ORLY,0.00669,0.95749,0.29245,0.26274,Defenzívny (β<1),5
MMC,0.00478,0.96042,0.17371,0.54109,Defenzívny (β<1),5
PLD,-0.00124,0.96074,0.83571,0.28686,Defenzívny (β<1),5
CTSH,0.00302,0.96376,0.72998,0.15903,Defenzívny (β<1),5
RMD,0.00373,0.96456,0.63225,0.19277,Defenzívny (β<1),5
SIG,-0.01187,0.97023,0.39464,0.0704,Defenzívny (β<1),5
PWR,-0.00533,0.97128,0.5357,0.16571,Defenzívny (β<1),5
HOG,-0.00993,0.97336,0.22555,0.18156,Defenzívny (β<1),5
UPS,-0.00354,0.97677,0.45183,0.40157,Defenzívny (β<1),5
AON,0.00527,0.97861,0.23335,0.43468,Defenzívny (β<1),5
HUM,0.01394,0.98414,0.1308,0.15278,Defenzívny (β<1),5
AFL,0.00031,0.98446,0.93591,0.49678,Defenzívny (β<1),5
ECL,0.00054,0.98618,0.88397,0.52185,Defenzívny (β<1),5
RRC,-0.03814,0.98745,0.01357,0.06273,Defenzívny (β<1),5
MNST,0.01369,0.99165,0.19542,0.1218,Defenzívny (β<1),5
NTRS,0.00188,0.99517,0.77087,0.26877,Defenzívny (β<1),5
UHS,0.00298,0.99539,0.68851,0.2176,Defenzívny (β<1),5
GRMN,0.0013,1.00302,0.87084,0.19692,Agresívny (β>1),6
TMK,0.00447,1.00484,0.2439,0.51865,Agresívny (β>1),6
ARE,-0.00028,1.00543,0.96197,0.3141,Agresívny (β>1),6
SLB,-0.01068,1.00585,0.16117,0.21571,Agresívny (β>1),6
DISCK,-0.02685,1.00929,0.08538,0.06251,Agresívny (β>1),6
CTXS,-0.00536,1.00962,0.56573,0.15423,Agresívny (β>1),6
NOV,-0.02045,1.01044,0.03057,0.15594,Agresívny (β>1),6
SWK,0.00289,1.01183,0.59174,0.35384,Agresívny (β>1),6
CDNS,0.00777,1.01427,0.22143,0.28594,Agresívny (β>1),6
INTU,0.00631,1.01953,0.29832,0.30682,Agresívny (β>1),6
ORCL,-0.00305,1.0203,0.55707,0.37556,Agresívny (β>1),6
CAH,-0.00327,1.02136,0.64386,0.24548,Agresívny (β>1),6
CMCSA,0.0027,1.02338,0.62935,0.34311,Agresívny (β>1),6
GPS,-0.00918,1.02566,0.5005,0.08121,Agresívny (β>1),6
SNPS,0.0059,1.0274,0.2453,0.39164,Agresívny (β>1),6
ROP,0.00359,1.02948,0.45298,0.41955,Agresívny (β>1),6
MCHP,0.00463,1.02976,0.47866,0.27962,Agresívny (β>1),6
PX,-0.00436,1.03067,0.2667,0.5203,Agresívny (β>1),6
HAL,-0.00608,1.03098,0.56994,0.1265,Agresívny (β>1),6
IRM,-0.00974,1.03268,0.31719,0.14989,Agresívny (β>1),6
ZTS,0.00411,1.0333,0.5276,0.28236,Agresívny (β>1),6
TSS,0.01222,1.03351,0.10322,0.23188,Agresívny (β>1),6
LEG,-0.00237,1.03354,0.6831,0.33014,Agresívny (β>1),6
BMY,-0.00031,1.03378,0.97205,0.17306,Agresívny (β>1),6
ADBE,0.01735,1.03595,0.01074,0.27627,Agresívny (β>1),6
LYB,0.00137,1.04114,0.87104,0.19159,Agresívny (β>1),6
MMM,0.00429,1.04132,0.27172,0.52731,Agresívny (β>1),6
RCL,0.01257,1.04229,0.17661,0.16542,Agresívny (β>1),6
SNA,0.003,1.04279,0.52983,0.42707,Agresívny (β>1),6
BBT,0.00034,1.04554,0.95044,0.36095,Agresívny (β>1),6
PSX,-0.00224,1.04571,0.75425,0.24934,Agresívny (β>1),6
XRX,-0.00987,1.04686,0.26475,0.18006,Agresívny (β>1),6
GPN,0.01547,1.05243,0.03413,0.25122,Agresívny (β>1),6
MTD,0.00913,1.05404,0.14859,0.30569,Agresívny (β>1),6
ESRX,-0.0047,1.05495,0.48256,0.27926,Agresívny (β>1),6
DVA,-0.00564,1.06145,0.3839,0.29538,Agresívny (β>1),6
AIG,-0.00161,1.0617,0.7938,0.31725,Agresívny (β>1),6
IFF,0.00183,1.06175,0.75069,0.34518,Agresívny (β>1),6
TMO,0.00788,1.06258,0.18466,0.3353,Agresívny (β>1),6
HII,0.01705,1.06753,0.01815,0.26301,Agresívny (β>1),6
DG,0.00305,1.06918,0.70966,0.20912,Agresívny (β>1),6
MA,0.01026,1.0715,0.05312,0.39576,Agresívny (β>1),6
FFIV,-0.00271,1.07276,0.77445,0.1664,Agresívny (β>1),6
ROST,0.00705,1.07281,0.32094,0.26348,Agresívny (β>1),6
UTX,-0.00317,1.07323,0.5152,0.43129,Agresívny (β>1),6
FAST,-0.00894,1.07392,0.23477,0.24268,Agresívny (β>1),6
KEY,0.00406,1.07474,0.60289,0.22805,Agresívny (β>1),6
PXD,-0.00386,1.07613,0.73892,0.11856,Agresívny (β>1),6
A,-0.00126,1.08132,0.87373,0.22339,Agresívny (β>1),7
XYL,0.00647,1.08181,0.35263,0.27421,Agresívny (β>1),7
WDC,2e-05,1.08442,0.9986,0.12095,Agresívny (β>1),7
DISH,-0.00523,1.0855,0.5151,0.22143,Agresívny (β>1),7
XLNX,0.00019,1.08851,0.9813,0.22182,Agresívny (β>1),7
HD,0.00754,1.08857,0.09632,0.4787,Agresívny (β>1),7
NCLH,0.00076,1.09263,0.93972,0.15472,Agresívny (β>1),7
VNO,-0.01256,1.09438,0.05834,0.30383,Agresívny (β>1),7
WU,-0.00417,1.09609,0.50697,0.32202,Agresívny (β>1),7
XRAY,-0.00402,1.10406,0.46896,0.38183,Agresívny (β>1),7
JPM,0.00421,1.10477,0.50895,0.31882,Agresívny (β>1),7
DISCA,-0.02898,1.1064,0.05965,0.07652,Agresívny (β>1),7
CSCO,0.00125,1.10698,0.84262,0.32314,Agresívny (β>1),7
WFC,-0.0015,1.10724,0.78688,0.38345,Agresívny (β>1),7
CVX,-0.01002,1.10775,0.09359,0.35384,Agresívny (β>1),7
MLM,0.00375,1.11254,0.67395,0.19527,Agresívny (β>1),7
CHTR,0.01412,1.11761,0.08548,0.22814,Agresívny (β>1),7
ALK,0.00533,1.12327,0.63772,0.1328,Agresívny (β>1),7
APA,-0.02042,1.12642,0.12291,0.10307,Agresívny (β>1),7
BK,0.00192,1.13136,0.75092,0.3527,Agresívny (β>1),7
EBAY,-0.01423,1.13161,0.37466,0.07228,Agresívny (β>1),7
M,-0.01844,1.13578,0.1396,0.11588,Agresívny (β>1),7
AAPL,0.00546,1.13776,0.4827,0.25041,Agresívny (β>1),7
SEE,0.00151,1.13897,0.82801,0.29542,Agresívny (β>1),7
HRS,0.00924,1.13979,0.13836,0.34591,Agresívny (β>1),7
ZBH,-0.00208,1.14006,0.74741,0.3258,Agresívny (β>1),7
BDX,0.00528,1.15023,0.24849,0.49808,Agresívny (β>1),7
F,-0.01287,1.16237,0.0494,0.33594,Agresívny (β>1),7
TRV,-0.00074,1.16264,0.87421,0.49068,Agresívny (β>1),7
ABC,0.00127,1.16497,0.87162,0.255,Agresívny (β>1),7
CXO,-0.00197,1.16804,0.85341,0.15714,Agresívny (β>1),7
SHW,0.00495,1.17058,0.39758,0.38489,Agresívny (β>1),7
TEL,0.00483,1.17246,0.3207,0.47613,Agresívny (β>1),7
EOG,-0.00166,1.17446,0.85348,0.20963,Agresívny (β>1),7
INCY,0.01228,1.17485,0.45931,0.07261,Agresívny (β>1),7
GILD,0.00068,1.17498,0.94231,0.19497,Agresívny (β>1),7
OMC,-0.00587,1.17922,0.21172,0.49747,Agresívny (β>1),7
AGN,0.00116,1.18216,0.90818,0.17776,Agresívny (β>1),7
RHT,0.00506,1.18625,0.54448,0.23899,Agresívny (β>1),7
EMR,-0.00718,1.18661,0.13828,0.48723,Agresívny (β>1),7
IT,0.00415,1.18733,0.51172,0.35512,Agresívny (β>1),7
LLL,0.00623,1.18938,0.2783,0.40211,Agresívny (β>1),7
ROK,0.00172,1.19992,0.75591,0.42135,Agresívny (β>1),7
CF,-0.01086,1.20155,0.39474,0.12171,Agresívny (β>1),7
TXN,0.0075,1.20387,0.10638,0.51608,Agresívny (β>1),7
PCLN,0.00613,1.20647,0.51925,0.20038,Agresívny (β>1),7
PHM,-0.00321,1.2067,0.70083,0.24453,Agresívny (β>1),7
SNI,-0.00525,1.21109,0.54547,0.23238,Agresívny (β>1),8
WBA,-0.00137,1.2121,0.86358,0.26512,Agresívny (β>1),8
OKE,-0.00685,1.21217,0.55569,0.14498,Agresívny (β>1),8
KLAC,-0.0002,1.21252,0.98116,0.24849,Agresívny (β>1),8
BBY,0.01379,1.21357,0.33432,0.10152,Agresívny (β>1),8
UAL,0.00423,1.21365,0.7349,0.12778,Agresívny (β>1),8
EMN,-0.00488,1.2184,0.4267,0.38047,Agresívny (β>1),8
GPC,-0.00515,1.21913,0.34266,0.44139,Agresívny (β>1),8
AVY,0.00647,1.22095,0.1556,0.53141,Agresívny (β>1),8
LOW,0.0053,1.22112,0.36775,0.40244,Agresívny (β>1),8
CRM,0.00515,1.22555,0.54593,0.24358,Agresívny (β>1),8
ITW,0.00549,1.22717,0.13876,0.63418,Agresívny (β>1),8
CAT,-0.00226,1.22846,0.75958,0.30174,Agresívny (β>1),8
TROW,-0.00415,1.23501,0.42348,0.46961,Agresívny (β>1),8
KSS,-0.00569,1.23588,0.60909,0.16104,Agresívny (β>1),8
AJG,-0.00189,1.23933,0.57066,0.68367,Agresívny (β>1),8
DAL,0.01115,1.24847,0.24759,0.20859,Agresívny (β>1),8
AES,-0.01274,1.25244,0.08194,0.31799,Agresívny (β>1),8
NVDA,0.03722,1.25256,0.0021,0.15316,Agresívny (β>1),8
DOV,-0.00588,1.25321,0.34924,0.38415,Agresívny (β>1),8
FDX,0.00337,1.26101,0.57764,0.40354,Agresívny (β>1),8
COP,-0.01184,1.26843,0.19688,0.23141,Agresívny (β>1),8
DIS,-0.00033,1.27218,0.94774,0.49506,Agresívny (β>1),8
DHI,0.00096,1.27456,0.91184,0.25302,Agresívny (β>1),8
ADI,-0.00064,1.27555,0.92436,0.35865,Agresívny (β>1),8
GS,-0.00224,1.27751,0.74127,0.35635,Agresívny (β>1),8
NBL,-0.02318,1.2779,0.03117,0.18589,Agresívny (β>1),8
CMI,-0.00464,1.28335,0.51221,0.33893,Agresívny (β>1),8
RHI,-0.00367,1.28547,0.64701,0.2855,Agresívny (β>1),8
XEC,-0.00377,1.28673,0.73184,0.17549,Agresívny (β>1),8
AME,-0.00179,1.28783,0.70541,0.53505,Agresívny (β>1),8
QCOM,-0.01152,1.29188,0.22884,0.22263,Agresívny (β>1),8
MAR,0.00969,1.29326,0.09209,0.44614,Agresívny (β>1),8
AMZN,0.0166,1.29435,0.0806,0.22856,Agresívny (β>1),8
WYN,-0.0001,1.29629,0.98581,0.44903,Agresívny (β>1),8
ANDV,-0.00173,1.29805,0.866,0.19978,Agresívny (β>1),8
LUV,0.01522,1.29842,0.11918,0.21893,Agresívny (β>1),8
NRG,-0.01051,1.29889,0.43843,0.12522,Agresívny (β>1),8
TSCO,-0.00712,1.29942,0.41274,0.25892,Agresívny (β>1),8
APD,-0.00137,1.3022,0.782,0.51964,Agresívny (β>1),8
BA,0.01368,1.30485,0.06492,0.33146,Agresívny (β>1),8
LUK,-0.0127,1.30546,0.07689,0.34542,Agresívny (β>1),8
AAP,-0.00544,1.30862,0.59634,0.20186,Agresívny (β>1),8
ILMN,0.01322,1.30893,0.37128,0.10918,Agresívny (β>1),8
ALXN,-0.00651,1.30915,0.61178,0.13948,Agresívny (β>1),8
AXP,-0.00471,1.31068,0.44713,0.41153,Agresívny (β>1),8
ALGN,0.0219,1.31532,0.02142,0.23696,Agresívny (β>1),8
STT,-0.00154,1.31862,0.82648,0.35419,Agresívny (β>1),8
RF,0.0035,1.32092,0.67507,0.28,Agresívny (β>1),9
IR,-0.00256,1.33116,0.67458,0.42582,Agresívny (β>1),9
MET,-0.00729,1.33342,0.33044,0.33147,Agresívny (β>1),9
IPG,-0.00323,1.33413,0.59536,0.42881,Agresívny (β>1),9
HST,-0.00921,1.33816,0.12083,0.44651,Agresívny (β>1),9
NSC,-0.00063,1.33905,0.92981,0.3551,Agresívny (β>1),9
SLG,-0.00963,1.3391,0.11138,0.43747,Agresívny (β>1),9
STI,0.00348,1.34083,0.5619,0.43759,Agresívny (β>1),9
BAC,0.00525,1.34155,0.53839,0.27803,Agresívny (β>1),9
HP,-0.01151,1.34196,0.35809,0.15235,Agresívny (β>1),9
MHK,0.0036,1.34529,0.52003,0.47454,Agresívny (β>1),9
MCO,0.00796,1.34884,0.16756,0.46327,Agresívny (β>1),9
MPC,-0.0044,1.35528,0.6648,0.2169,Agresívny (β>1),9
LRCX,0.01138,1.35962,0.16125,0.30694,Agresívny (β>1),9
COF,-0.00109,1.36201,0.86259,0.42092,Agresívny (β>1),9
MYL,-0.00679,1.36236,0.55347,0.18051,Agresívny (β>1),9
GLW,0.00234,1.36358,0.71072,0.4198,Agresívny (β>1),9
CSX,0.00193,1.36572,0.80042,0.33254,Agresívny (β>1),9
FITB,-0.00012,1.36588,0.98635,0.35505,Agresívny (β>1),9
PH,-0.00101,1.36989,0.8591,0.47443,Agresívny (β>1),9
PCAR,-0.00589,1.36992,0.35572,0.4193,Agresívny (β>1),9
MGM,0.00494,1.37287,0.56945,0.28035,Agresívny (β>1),9
LEN,-0.00416,1.37467,0.56831,0.35631,Agresívny (β>1),9
NTAP,-0.00331,1.38467,0.75099,0.21484,Agresívny (β>1),9
ETN,-0.00776,1.40389,0.17008,0.49284,Agresívny (β>1),9
ALB,-0.00416,1.40804,0.66219,0.25368,Agresívny (β>1),9
AMGN,-0.00137,1.40958,0.84585,0.38242,Agresívny (β>1),9
ZION,0.00101,1.41041,0.89962,0.32717,Agresívny (β>1),9
MOS,-0.02644,1.41163,0.02338,0.19233,Agresívny (β>1),9
MCK,-0.00638,1.41583,0.48209,0.27506,Agresívny (β>1),9
HBAN,0.00081,1.42268,0.90551,0.40475,Agresívny (β>1),9
C,-0.0029,1.42882,0.66914,0.40805,Agresívny (β>1),9
TXT,-0.00109,1.44344,0.86521,0.43992,Agresívny (β>1),9
PNR,-0.0085,1.44634,0.17597,0.45557,Agresívny (β>1),9
ABBV,0.00597,1.45022,0.39558,0.39948,Agresívny (β>1),9
ETFC,0.0134,1.45289,0.12016,0.31045,Agresívny (β>1),9
CMA,0.00389,1.45457,0.62622,0.34072,Agresívny (β>1),9
SPGI,0.00994,1.45977,0.09445,0.48979,Agresívny (β>1),9
MAS,0.00034,1.4688,0.9558,0.47174,Agresívny (β>1),9
WY,-0.01033,1.47716,0.03802,0.58675,Agresívny (β>1),9
ABT,-0.00381,1.47801,0.45551,0.56666,Agresívny (β>1),9
JEC,-0.00806,1.48678,0.2868,0.37704,Agresívny (β>1),9
NFX,-0.00964,1.49325,0.4166,0.19843,Agresívny (β>1),9
APC,-0.01821,1.49404,0.11388,0.21074,Agresívny (β>1),9
FBHS,-0.00306,1.49698,0.60185,0.50418,Agresívny (β>1),9
WYNN,-0.00628,1.50223,0.65604,0.15028,Agresívny (β>1),9
PRU,-0.00167,1.5031,0.79565,0.45762,Agresívny (β>1),9
NUE,-0.00766,1.50314,0.26592,0.42805,Agresívny (β>1),10
GM,-0.00583,1.50668,0.32645,0.50155,Agresívny (β>1),10
MS,0.00146,1.50758,0.84037,0.4034,Agresívny (β>1),10
IP,-0.00834,1.51135,0.12835,0.54594,Agresívny (β>1),10
AOS,0.00751,1.52286,0.19038,0.5263,Agresívny (β>1),10
PPG,-0.00464,1.52708,0.32288,0.6235,Agresívny (β>1),10
FLR,-0.01483,1.53004,0.05496,0.3862,Agresívny (β>1),10
DFS,-0.00206,1.53667,0.75765,0.45071,Agresívny (β>1),10
FMC,-0.00804,1.54249,0.36166,0.32374,Agresívny (β>1),10
CBS,-0.0102,1.55358,0.13617,0.44934,Agresívny (β>1),10
UNM,-0.00159,1.55569,0.80146,0.48513,Agresívny (β>1),10
REGN,-0.00212,1.55652,0.86241,0.20176,Agresívny (β>1),10
FLS,-0.01795,1.56073,0.02244,0.39051,Agresívny (β>1),10
PFG,-0.00222,1.5855,0.71522,0.5143,Agresívny (β>1),10
WMB,-0.01645,1.59319,0.19744,0.19715,Agresívny (β>1),10
AYI,-0.0011,1.59491,0.92151,0.24143,Agresívny (β>1),10
VRTX,0.00585,1.6105,0.66257,0.18335,Agresívny (β>1),10
MU,0.0127,1.61074,0.39455,0.15413,Agresívny (β>1),10
CELG,-0.00407,1.62032,0.70937,0.25508,Agresívny (β>1),10
SCHW,0.0049,1.64875,0.56908,0.3642,Agresívny (β>1),10
TRIP,-0.01634,1.66027,0.30086,0.1477,Agresívny (β>1),10
BLK,-0.00138,1.66766,0.71516,0.75053,Agresívny (β>1),10
AMG,-0.01055,1.67282,0.12809,0.48015,Agresívny (β>1),10
VIAB,-0.02559,1.67506,0.03342,0.23855,Agresívny (β>1),10
ADSK,0.00345,1.6954,0.73891,0.29467,Agresívny (β>1),10
HES,-0.02178,1.69759,0.04371,0.28455,Agresívny (β>1),10
BEN,-0.01792,1.70112,0.00064,0.6438,Agresívny (β>1),10
RJF,-0.00284,1.70543,0.70118,0.45189,Agresívny (β>1),10
GT,0.00069,1.715,0.93958,0.35661,Agresívny (β>1),10
IVZ,-0.01141,1.71772,0.10125,0.49183,Agresívny (β>1),10
KMX,-0.00625,1.71866,0.46931,0.38155,Agresívny (β>1),10
AMAT,0.00578,1.74449,0.49454,0.399,Agresívny (β>1),10
TIF,-0.00822,1.74531,0.28604,0.44607,Agresívny (β>1),10
AAL,0.00681,1.76762,0.58057,0.24247,Agresívny (β>1),10
AMP,-0.00188,1.81819,0.77422,0.54423,Agresívny (β>1),10
STX,-0.00915,1.85801,0.55311,0.18447,Agresívny (β>1),10
ADS,-0.00914,1.87484,0.27861,0.43655,Agresívny (β>1),10
CBG,-0.00723,1.8921,0.28202,0.5544,Agresívny (β>1),10
WHR,-0.00974,1.89757,0.23856,0.45343,Agresívny (β>1),10
BWA,-0.01028,1.90867,0.24608,0.42153,Agresívny (β>1),10
LNC,-0.00072,1.93347,0.92801,0.47494,Agresívny (β>1),10
PKG,0.00013,1.93752,0.98341,0.5979,Agresívny (β>1),10
CHK,-0.05217,2.24967,0.01498,0.15259,Agresívny (β>1),10
DVN,-0.0265,2.27407,0.05375,0.30536,Agresívny (β>1),10
MRO,-0.03333,2.42687,0.02276,0.3089,Agresívny (β>1),10
AMD,0.00331,2.53747,0.85316,0.23781,Agresívny (β>1),10
FCX,-0.03273,2.61956,0.1511,0.17274,Agresívny (β>1),10
URI,-0.0038,2.66391,0.74344,0.45021,Agresívny (β>1),10
