FkIdObec,FkIdVekKat,FkIdSkRok,PocetOsob
1,1,28,1588
1,1,27,1620
1,1,26,1647
1,1,25,1699
1,1,24,1714
1,1,23,1771
1,1,22,1782
1,1,21,1763
1,1,20,1761
1,1,19,1813
1,1,18,1803
1,1,17,1786
1,1,16,1844
1,1,15,1841
1,1,14,1856
1,1,13,1913
1,1,12,2028
1,1,11,2124
1,1,10,2242
1,1,9,2382
1,1,8,2561
1,1,7,2685
1,1,6,2802
1,1,5,3054
1,1,4,3185
1,1,3,3299
1,1,2,3349
1,1,1,3451
2,1,28,137
2,1,27,129
2,1,26,136
2,1,25,131
2,1,24,129
2,1,23,126
2,1,22,127
2,1,21,127
2,1,20,130
2,1,19,137
2,1,18,147
2,1,17,149
2,1,16,155
2,1,15,161
2,1,14,170
2,1,13,179
2,1,12,195
2,1,11,209
2,1,10,210
2,1,9,213
2,1,8,227
2,1,7,226
2,1,6,230
2,1,5,235
2,1,4,248
2,1,3,248
2,1,2,242
2,1,1,254
3,1,28,69
3,1,27,66
3,1,26,60
3,1,25,52
3,1,24,55
3,1,23,50
3,1,22,42
3,1,21,44
3,1,20,44
3,1,19,42
3,1,18,41
3,1,17,39
3,1,16,44
3,1,15,48
3,1,14,46
3,1,13,43
3,1,12,50
3,1,11,55
3,1,10,60
3,1,9,69
3,1,8,68
3,1,7,72
3,1,6,71
3,1,5,67
3,1,4,75
3,1,3,75
3,1,2,79
3,1,1,82
4,1,28,192
4,1,27,187
4,1,26,171
4,1,25,173
4,1,24,166
4,1,23,159
4,1,22,167
4,1,21,165
4,1,20,172
4,1,19,182
4,1,18,195
4,1,17,209
4,1,16,219
4,1,15,225
4,1,14,237
4,1,13,242
4,1,12,262
4,1,11,266
4,1,10,277
4,1,9,276
4,1,8,288
4,1,7,275
4,1,6,286
4,1,5,266
4,1,4,257
4,1,3,240
4,1,2,227
4,1,1,205
5,1,28,103
5,1,27,111
5,1,26,114
5,1,25,119
5,1,24,121
5,1,23,114
5,1,22,118
5,1,21,115
5,1,20,128
5,1,19,131
5,1,18,139
5,1,17,132
5,1,16,124
5,1,15,121
5,1,14,135
5,1,13,140
5,1,12,143
5,1,11,138
5,1,10,145
5,1,9,139
5,1,8,143
5,1,7,150
5,1,6,164
5,1,5,160
5,1,4,156
5,1,3,150
5,1,2,148
5,1,1,149
6,1,28,38
6,1,27,35
6,1,26,36
6,1,25,34
6,1,24,32
6,1,23,32
6,1,22,31
6,1,21,29
6,1,20,27
6,1,19,25
6,1,18,29
6,1,17,26
6,1,16,23
6,1,15,22
6,1,14,24
6,1,13,30
6,1,12,36
6,1,11,35
6,1,10,38
6,1,9,42
6,1,8,47
6,1,7,52
6,1,6,52
6,1,5,53
6,1,4,55
6,1,3,54
6,1,2,60
6,1,1,59
7,1,28,43
7,1,27,40
7,1,26,36
7,1,25,31
7,1,24,33
7,1,23,32
7,1,22,36
7,1,21,36
7,1,20,32
7,1,19,34
7,1,18,35
7,1,17,37
7,1,16,41
7,1,15,45
7,1,14,52
7,1,13,59
7,1,12,60
7,1,11,65
7,1,10,65
7,1,9,70
7,1,8,70
7,1,7,70
7,1,6,70
7,1,5,63
7,1,4,63
7,1,3,65
7,1,2,57
7,1,1,54
8,1,28,76
8,1,27,78
8,1,26,77
8,1,25,72
8,1,24,71
8,1,23,68
8,1,22,74
8,1,21,81
8,1,20,84
8,1,19,87
8,1,18,88
8,1,17,88
8,1,16,91
8,1,15,99
8,1,14,102
8,1,13,108
8,1,12,108
8,1,11,108
8,1,10,117
8,1,9,114
8,1,8,119
8,1,7,125
8,1,6,122
8,1,5,121
8,1,4,121
8,1,3,116
8,1,2,118
8,1,1,114
9,1,28,32
9,1,27,28
9,1,26,32
9,1,25,34
9,1,24,29
9,1,23,31
9,1,22,24
9,1,21,25
9,1,20,29
9,1,19,26
9,1,18,30
9,1,17,27
9,1,16,25
9,1,15,26
9,1,14,25
9,1,13,25
9,1,12,22
9,1,11,19
9,1,10,17
9,1,9,19
9,1,8,23
9,1,7,28
9,1,6,29
9,1,5,27
9,1,4,31
9,1,3,32
9,1,2,34
9,1,1,36
10,1,28,87
10,1,27,82
10,1,26,80
10,1,25,77
10,1,24,75
10,1,23,78
10,1,22,84
10,1,21,89
10,1,20,92
10,1,19,95
10,1,18,107
10,1,17,109
10,1,16,108
10,1,15,105
10,1,14,108
10,1,13,105
10,1,12,105
10,1,11,103
10,1,10,106
10,1,9,100
10,1,8,100
10,1,7,107
10,1,6,112
10,1,5,89
10,1,4,91
10,1,3,94
10,1,2,106
10,1,1,111
11,1,28,71
11,1,27,74
11,1,26,71
11,1,25,70
11,1,24,72
11,1,23,65
11,1,22,67
11,1,21,67
11,1,20,65
11,1,19,58
11,1,18,52
11,1,17,50
11,1,16,44
11,1,15,42
11,1,14,44
11,1,13,41
11,1,12,46
11,1,11,50
11,1,10,52
11,1,9,52
11,1,8,49
11,1,7,51
11,1,6,54
11,1,5,55
11,1,4,60
11,1,3,68
11,1,2,71
11,1,1,67
12,1,28,115
12,1,27,112
12,1,26,103
12,1,25,109
12,1,24,108
12,1,23,107
12,1,22,108
12,1,21,106
12,1,20,110
12,1,19,110
12,1,18,116
12,1,17,123
12,1,16,124
12,1,15,109
12,1,14,110
12,1,13,107
12,1,12,110
12,1,11,110
12,1,10,114
12,1,9,100
12,1,8,103
12,1,7,104
12,1,6,115
12,1,5,85
12,1,4,88
12,1,3,93
12,1,2,103
12,1,1,110
13,1,28,132
13,1,27,128
13,1,26,124
13,1,25,121
13,1,24,125
13,1,23,124
13,1,22,122
13,1,21,125
13,1,20,122
13,1,19,115
13,1,18,127
13,1,17,130
13,1,16,136
13,1,15,138
13,1,14,136
13,1,13,149
13,1,12,164
13,1,11,173
13,1,10,169
13,1,9,181
13,1,8,197
13,1,7,201
13,1,6,192
13,1,5,186
13,1,4,176
13,1,3,169
13,1,2,159
13,1,1,174
14,1,28,28
14,1,27,21
14,1,26,21
14,1,25,24
14,1,24,21
14,1,23,16
14,1,22,12
14,1,21,11
14,1,20,6
14,1,19,6
14,1,18,8
14,1,17,9
14,1,16,6
14,1,15,6
14,1,14,8
14,1,13,9
14,1,12,8
14,1,11,9
14,1,10,9
14,1,9,6
14,1,8,8
14,1,7,10
14,1,6,12
14,1,5,14
14,1,4,15
14,1,3,16
14,1,2,18
14,1,1,19
15,1,28,129
15,1,27,136
15,1,26,117
15,1,25,113
15,1,24,109
15,1,23,105
15,1,22,102
15,1,21,100
15,1,20,92
15,1,19,80
15,1,18,74
15,1,17,75
15,1,16,80
15,1,15,79
15,1,14,86
15,1,13,75
15,1,12,75
15,1,11,72
15,1,10,73
15,1,9,76
15,1,8,84
15,1,7,85
15,1,6,95
15,1,5,78
15,1,4,81
15,1,3,79
15,1,2,81
15,1,1,81
16,1,28,19
16,1,27,16
16,1,26,16
16,1,25,12
16,1,24,12
16,1,23,12
16,1,22,10
16,1,21,9
16,1,20,9
16,1,19,10
16,1,18,10
16,1,17,10
16,1,16,13
16,1,15,12
16,1,14,14
16,1,13,15
16,1,12,18
16,1,11,18
16,1,10,17
16,1,9,19
16,1,8,24
16,1,7,23
16,1,6,26
16,1,5,29
16,1,4,29
16,1,3,27
16,1,2,29
16,1,1,29
17,1,28,50
17,1,27,49
17,1,26,48
17,1,25,50
17,1,24,49
17,1,23,51
17,1,22,45
17,1,21,50
17,1,20,50
17,1,19,46
17,1,18,50
17,1,17,52
17,1,16,55
17,1,15,54
17,1,14,57
17,1,13,60
17,1,12,52
17,1,11,55
17,1,10,57
17,1,9,59
17,1,8,61
17,1,7,58
17,1,6,61
17,1,5,56
17,1,4,57
17,1,3,66
17,1,2,68
17,1,1,70
18,1,28,133
18,1,27,130
18,1,26,120
18,1,25,116
18,1,24,111
18,1,23,109
18,1,22,108
18,1,21,107
18,1,20,105
18,1,19,107
18,1,18,105
18,1,17,112
18,1,16,104
18,1,15,99
18,1,14,100
18,1,13,100
18,1,12,88
18,1,11,91
18,1,10,94
18,1,9,87
18,1,8,88
18,1,7,93
18,1,6,93
18,1,5,95
18,1,4,98
18,1,3,103
18,1,2,97
18,1,1,101
19,1,28,58
19,1,27,53
19,1,26,51
19,1,25,50
19,1,24,53
19,1,23,50
19,1,22,47
19,1,21,50
19,1,20,44
19,1,19,49
19,1,18,49
19,1,17,43
19,1,16,43
19,1,15,37
19,1,14,41
19,1,13,46
19,1,12,51
19,1,11,56
19,1,10,52
19,1,9,55
19,1,8,61
19,1,7,67
19,1,6,70
19,1,5,69
19,1,4,69
19,1,3,71
19,1,2,70
19,1,1,70
20,1,28,215
20,1,27,218
20,1,26,209
20,1,25,191
20,1,24,172
20,1,23,168
20,1,22,160
20,1,21,142
20,1,20,134
20,1,19,124
20,1,18,114
20,1,17,120
20,1,16,120
20,1,15,115
20,1,14,110
20,1,13,107
20,1,12,90
20,1,11,85
20,1,10,82
20,1,9,93
20,1,8,93
20,1,7,98
20,1,6,92
20,1,5,90
20,1,4,89
20,1,3,99
20,1,2,104
20,1,1,110
21,1,28,103
21,1,27,102
21,1,26,101
21,1,25,98
21,1,24,94
21,1,23,86
21,1,22,86
21,1,21,85
21,1,20,79
21,1,19,70
21,1,18,70
21,1,17,66
21,1,16,69
21,1,15,70
21,1,14,58
21,1,13,56
21,1,12,62
21,1,11,68
21,1,10,75
21,1,9,69
21,1,8,76
21,1,7,79
21,1,6,78
21,1,5,70
21,1,4,69
21,1,3,67
21,1,2,66
21,1,1,67
22,1,28,220
22,1,27,217
22,1,26,230
22,1,25,241
22,1,24,238
22,1,23,237
22,1,22,234
22,1,21,240
22,1,20,254
22,1,19,260
22,1,18,269
22,1,17,279
22,1,16,292
22,1,15,316
22,1,14,320
22,1,13,344
22,1,12,358
22,1,11,366
22,1,10,386
22,1,9,397
22,1,8,406
22,1,7,395
22,1,6,391
22,1,5,403
22,1,4,400
22,1,3,392
22,1,2,386
22,1,1,377
23,1,28,150
23,1,27,150
23,1,26,144
23,1,25,140
23,1,24,136
23,1,23,136
23,1,22,132
23,1,21,135
23,1,20,130
23,1,19,140
23,1,18,149
23,1,17,161
23,1,16,158
23,1,15,172
23,1,14,171
23,1,13,200
23,1,12,213
23,1,11,225
23,1,10,235
23,1,9,252
23,1,8,261
23,1,7,270
23,1,6,271
23,1,5,284
23,1,4,274
23,1,3,269
23,1,2,261
23,1,1,246
24,1,28,71
24,1,27,71
24,1,26,62
24,1,25,62
24,1,24,62
24,1,23,69
24,1,22,63
24,1,21,55
24,1,20,56
24,1,19,52
24,1,18,43
24,1,17,46
24,1,16,51
24,1,15,58
24,1,14,54
24,1,13,65
24,1,12,72
24,1,11,74
24,1,10,77
24,1,9,93
24,1,8,97
24,1,7,95
24,1,6,98
24,1,5,77
24,1,4,78
24,1,3,87
24,1,2,86
24,1,1,86
25,1,28,153
25,1,27,153
25,1,26,151
25,1,25,149
25,1,24,152
25,1,23,166
25,1,22,178
25,1,21,177
25,1,20,177
25,1,19,187
25,1,18,191
25,1,17,200
25,1,16,198
25,1,15,187
25,1,14,187
25,1,13,192
25,1,12,197
25,1,11,210
25,1,10,213
25,1,9,215
25,1,8,222
25,1,7,233
25,1,6,243
25,1,5,241
25,1,4,238
25,1,3,234
25,1,2,236
25,1,1,231
26,1,28,168
26,1,27,161
26,1,26,152
26,1,25,138
26,1,24,125
26,1,23,124
26,1,22,125
26,1,21,129
26,1,20,131
26,1,19,130
26,1,18,127
26,1,17,127
26,1,16,132
26,1,15,131
26,1,14,122
26,1,13,123
26,1,12,119
26,1,11,113
26,1,10,121
26,1,9,125
26,1,8,129
26,1,7,130
26,1,6,129
26,1,5,133
26,1,4,136
26,1,3,140
26,1,2,142
26,1,1,144
27,1,28,284
27,1,27,270
27,1,26,275
27,1,25,249
27,1,24,238
27,1,23,225
27,1,22,219
27,1,21,200
27,1,20,187
27,1,19,191
27,1,18,183
27,1,17,183
27,1,16,184
27,1,15,183
27,1,14,188
27,1,13,192
27,1,12,203
27,1,11,205
27,1,10,220
27,1,9,234
27,1,8,233
27,1,7,246
27,1,6,253
27,1,5,249
27,1,4,255
27,1,3,249
27,1,2,256
27,1,1,259
28,1,28,204
28,1,27,198
28,1,26,203
28,1,25,200
28,1,24,200
28,1,23,196
28,1,22,200
28,1,21,217
28,1,20,220
28,1,19,228
28,1,18,246
28,1,17,251
28,1,16,254
28,1,15,255
28,1,14,253
28,1,13,249
28,1,12,232
28,1,11,228
28,1,10,226
28,1,9,226
28,1,8,222
28,1,7,227
28,1,6,216
28,1,5,228
28,1,4,227
28,1,3,229
28,1,2,240
28,1,1,237
29,1,28,324
29,1,27,326
29,1,26,321
29,1,25,313
29,1,24,309
29,1,23,325
29,1,22,338
29,1,21,327
29,1,20,323
29,1,19,326
29,1,18,332
29,1,17,353
29,1,16,371
29,1,15,369
29,1,14,381
29,1,13,398
29,1,12,428
29,1,11,461
29,1,10,466
29,1,9,494
29,1,8,514
29,1,7,519
29,1,6,539
29,1,5,550
29,1,4,558
29,1,3,552
29,1,2,551
29,1,1,558
30,1,28,388
30,1,27,376
30,1,26,379
30,1,25,367
30,1,24,365
30,1,23,356
30,1,22,344
30,1,21,337
30,1,20,334
30,1,19,330
30,1,18,327
30,1,17,334
30,1,16,335
30,1,15,326
30,1,14,340
30,1,13,346
30,1,12,348
30,1,11,364
30,1,10,359
30,1,9,360
30,1,8,353
30,1,7,337
30,1,6,340
30,1,5,334
30,1,4,339
30,1,3,343
30,1,2,334
30,1,1,342
31,1,28,111
31,1,27,111
31,1,26,112
31,1,25,114
31,1,24,112
31,1,23,116
31,1,22,114
31,1,21,121
31,1,20,121
31,1,19,126
31,1,18,128
31,1,17,129
31,1,16,135
31,1,15,130
31,1,14,132
31,1,13,124
31,1,12,134
31,1,11,135
31,1,10,137
31,1,9,139
31,1,8,140
31,1,7,137
31,1,6,137
31,1,5,132
31,1,4,128
31,1,3,124
31,1,2,116
31,1,1,109
32,1,28,267
32,1,27,261
32,1,26,263
32,1,25,268
32,1,24,270
32,1,23,259
32,1,22,270
32,1,21,263
32,1,20,266
32,1,19,277
32,1,18,290
32,1,17,288
32,1,16,295
32,1,15,305
32,1,14,312
32,1,13,329
32,1,12,352
32,1,11,370
32,1,10,373
32,1,9,369
32,1,8,368
32,1,7,354
32,1,6,340
32,1,5,324
32,1,4,313
32,1,3,304
32,1,2,299
32,1,1,314
33,1,28,126
33,1,27,133
33,1,26,136
33,1,25,137
33,1,24,146
33,1,23,148
33,1,22,143
33,1,21,139
33,1,20,138
33,1,19,142
33,1,18,144
33,1,17,138
33,1,16,142
33,1,15,135
33,1,14,134
33,1,13,139
33,1,12,137
33,1,11,146
33,1,10,139
33,1,9,141
33,1,8,137
33,1,7,133
33,1,6,138
33,1,5,138
33,1,4,135
33,1,3,136
33,1,2,134
33,1,1,135
34,1,28,456
34,1,27,433
34,1,26,409
34,1,25,404
34,1,24,396
34,1,23,395
34,1,22,413
34,1,21,416
34,1,20,409
34,1,19,407
34,1,18,431
34,1,17,445
34,1,16,438
34,1,15,443
34,1,14,459
34,1,13,474
34,1,12,486
34,1,11,493
34,1,10,507
34,1,9,507
34,1,8,510
34,1,7,526
34,1,6,532
34,1,5,537
34,1,4,524
34,1,3,511
34,1,2,497
34,1,1,488
35,1,28,746
35,1,27,753
35,1,26,760
35,1,25,783
35,1,24,807
35,1,23,815
35,1,22,801
35,1,21,805
35,1,20,804
35,1,19,796
35,1,18,811
35,1,17,837
35,1,16,870
35,1,15,922
35,1,14,968
35,1,13,1027
35,1,12,1098
35,1,11,1170
35,1,10,1280
35,1,9,1360
35,1,8,1404
35,1,7,1484
35,1,6,1541
35,1,5,1548
35,1,4,1582
35,1,3,1537
35,1,2,1506
35,1,1,1468
36,1,28,526
36,1,27,519
36,1,26,521
36,1,25,512
36,1,24,508
36,1,23,513
36,1,22,514
36,1,21,489
36,1,20,488
36,1,19,489
36,1,18,481
36,1,17,494
36,1,16,504
36,1,15,527
36,1,14,541
36,1,13,546
36,1,12,572
36,1,11,587
36,1,10,594
36,1,9,588
36,1,8,586
36,1,7,597
36,1,6,590
36,1,5,567
36,1,4,558
36,1,3,530
36,1,2,504
36,1,1,497
37,1,28,246
37,1,27,245
37,1,26,233
37,1,25,224
37,1,24,231
37,1,23,228
37,1,22,226
37,1,21,239
37,1,20,240
37,1,19,244
37,1,18,238
37,1,17,248
37,1,16,243
37,1,15,225
37,1,14,224
37,1,13,216
37,1,12,223
37,1,11,221
37,1,10,223
37,1,9,227
37,1,8,222
37,1,7,225
37,1,6,235
37,1,5,204
37,1,4,205
37,1,3,221
37,1,2,234
37,1,1,235
38,1,28,436
38,1,27,431
38,1,26,429
38,1,25,432
38,1,24,437
38,1,23,444
38,1,22,453
38,1,21,443
38,1,20,442
38,1,19,433
38,1,18,458
38,1,17,467
38,1,16,461
38,1,15,465
38,1,14,467
38,1,13,469
38,1,12,468
38,1,11,477
38,1,10,495
38,1,9,494
38,1,8,498
38,1,7,520
38,1,6,522
38,1,5,541
38,1,4,537
38,1,3,512
38,1,2,497
38,1,1,479
39,1,28,557
39,1,27,553
39,1,26,528
39,1,25,530
39,1,24,547
39,1,23,536
39,1,22,544
39,1,21,535
39,1,20,544
39,1,19,529
39,1,18,532
39,1,17,543
39,1,16,561
39,1,15,569
39,1,14,592
39,1,13,611
39,1,12,648
39,1,11,670
39,1,10,707
39,1,9,713
39,1,8,725
39,1,7,730
39,1,6,732
39,1,5,724
39,1,4,705
39,1,3,670
39,1,2,632
39,1,1,600
40,1,28,344
40,1,27,345
40,1,26,340
40,1,25,338
40,1,24,334
40,1,23,343
40,1,22,347
40,1,21,373
40,1,20,378
40,1,19,391
40,1,18,405
40,1,17,421
40,1,16,443
40,1,15,467
40,1,14,481
40,1,13,497
40,1,12,492
40,1,11,504
40,1,10,514
40,1,9,509
40,1,8,507
40,1,7,488
40,1,6,477
40,1,5,464
40,1,4,458
40,1,3,455
40,1,2,436
40,1,1,418
41,1,28,756
41,1,27,745
41,1,26,726
41,1,25,722
41,1,24,721
41,1,23,703
41,1,22,698
41,1,21,683
41,1,20,670
41,1,19,652
41,1,18,636
41,1,17,652
41,1,16,655
41,1,15,660
41,1,14,681
41,1,13,683
41,1,12,730
41,1,11,759
41,1,10,782
41,1,9,804
41,1,8,815
41,1,7,839
41,1,6,840
41,1,5,841
41,1,4,833
41,1,3,815
41,1,2,782
41,1,1,771
42,1,28,247
42,1,27,242
42,1,26,235
42,1,25,222
42,1,24,237
42,1,23,263
42,1,22,264
42,1,21,269
42,1,20,276
42,1,19,284
42,1,18,288
42,1,17,307
42,1,16,315
42,1,15,308
42,1,14,300
42,1,13,314
42,1,12,323
42,1,11,347
42,1,10,336
42,1,9,335
42,1,8,322
42,1,7,330
42,1,6,332
42,1,5,325
42,1,4,309
42,1,3,317
42,1,2,293
42,1,1,291
43,1,28,308
43,1,27,309
43,1,26,301
43,1,25,288
43,1,24,298
43,1,23,306
43,1,22,301
43,1,21,299
43,1,20,312
43,1,19,307
43,1,18,329
43,1,17,342
43,1,16,352
43,1,15,364
43,1,14,363
43,1,13,378
43,1,12,398
43,1,11,395
43,1,10,393
43,1,9,387
43,1,8,384
43,1,7,388
43,1,6,376
43,1,5,371
43,1,4,364
43,1,3,358
43,1,2,347
43,1,1,341
44,1,28,104
44,1,27,102
44,1,26,99
44,1,25,87
44,1,24,90
44,1,23,89
44,1,22,88
44,1,21,88
44,1,20,93
44,1,19,82
44,1,18,80
44,1,17,79
44,1,16,81
44,1,15,82
44,1,14,87
44,1,13,94
44,1,12,96
44,1,11,96
44,1,10,106
44,1,9,109
44,1,8,108
44,1,7,104
44,1,6,100
44,1,5,98
44,1,4,99
44,1,3,95
44,1,2,96
44,1,1,95
45,1,28,106
45,1,27,103
45,1,26,100
45,1,25,100
45,1,24,101
45,1,23,105
45,1,22,99
45,1,21,96
45,1,20,98
45,1,19,96
45,1,18,98
45,1,17,94
45,1,16,84
45,1,15,91
45,1,14,94
45,1,13,103
45,1,12,106
45,1,11,105
45,1,10,113
45,1,9,117
45,1,8,117
45,1,7,127
45,1,6,126
45,1,5,136
45,1,4,146
45,1,3,146
45,1,2,150
45,1,1,141
46,1,28,248
46,1,27,231
46,1,26,229
46,1,25,207
46,1,24,209
46,1,23,209
46,1,22,209
46,1,21,198
46,1,20,189
46,1,19,180
46,1,18,181
46,1,17,184
46,1,16,191
46,1,15,190
46,1,14,192
46,1,13,192
46,1,12,196
46,1,11,209
46,1,10,213
46,1,9,225
46,1,8,221
46,1,7,221
46,1,6,220
46,1,5,229
46,1,4,228
46,1,3,230
46,1,2,224
46,1,1,217
47,1,28,716
47,1,27,718
47,1,26,707
47,1,25,713
47,1,24,699
47,1,23,722
47,1,22,713
47,1,21,723
47,1,20,707
47,1,19,731
47,1,18,734
47,1,17,741
47,1,16,761
47,1,15,770
47,1,14,802
47,1,13,834
47,1,12,873
47,1,11,909
47,1,10,936
47,1,9,975
47,1,8,997
47,1,7,1000
47,1,6,1002
47,1,5,978
47,1,4,995
47,1,3,967
47,1,2,944
47,1,1,901
48,1,28,310
48,1,27,310
48,1,26,304
48,1,25,314
48,1,24,301
48,1,23,305
48,1,22,305
48,1,21,296
48,1,20,304
48,1,19,305
48,1,18,299
48,1,17,306
48,1,16,296
48,1,15,298
48,1,14,297
48,1,13,296
48,1,12,308
48,1,11,330
48,1,10,319
48,1,9,321
48,1,8,323
48,1,7,322
48,1,6,334
48,1,5,329
48,1,4,339
48,1,3,338
48,1,2,331
48,1,1,326
49,1,28,138
49,1,27,134
49,1,26,137
49,1,25,134
49,1,24,126
49,1,23,131
49,1,22,130
49,1,21,133
49,1,20,140
49,1,19,147
49,1,18,154
49,1,17,171
49,1,16,164
49,1,15,176
49,1,14,182
49,1,13,182
49,1,12,191
49,1,11,189
49,1,10,193
49,1,9,197
49,1,8,193
49,1,7,210
49,1,6,217
49,1,5,219
49,1,4,210
49,1,3,210
49,1,2,202
49,1,1,198
51,1,28,155
51,1,27,149
51,1,26,145
51,1,25,149
51,1,24,139
51,1,23,143
51,1,22,149
51,1,21,141
51,1,20,139
51,1,19,146
51,1,18,154
51,1,17,157
51,1,16,161
51,1,15,171
51,1,14,179
51,1,13,187
51,1,12,203
51,1,11,209
51,1,10,221
51,1,9,226
51,1,8,231
51,1,7,231
51,1,6,235
51,1,5,229
51,1,4,228
51,1,3,222
51,1,2,227
51,1,1,223
52,1,28,139
52,1,27,141
52,1,26,137
52,1,25,136
52,1,24,129
52,1,23,126
52,1,22,128
52,1,21,128
52,1,20,136
52,1,19,134
52,1,18,138
52,1,17,143
52,1,16,140
52,1,15,145
52,1,14,150
52,1,13,144
52,1,12,140
52,1,11,135
52,1,10,133
52,1,9,132
52,1,8,131
52,1,7,134
52,1,6,127
52,1,5,145
52,1,4,143
52,1,3,148
52,1,2,147
52,1,1,134
53,1,28,396
53,1,27,398
53,1,26,378
53,1,25,398
53,1,24,411
53,1,23,405
53,1,22,399
53,1,21,406
53,1,20,414
53,1,19,411
53,1,18,416
53,1,17,414
53,1,16,417
53,1,15,402
53,1,14,412
53,1,13,410
53,1,12,416
53,1,11,417
53,1,10,426
53,1,9,438
53,1,8,458
53,1,7,440
53,1,6,433
53,1,5,430
53,1,4,432
53,1,3,432
53,1,2,415
53,1,1,412
54,1,28,363
54,1,27,345
54,1,26,337
54,1,25,323
54,1,24,328
54,1,23,340
54,1,22,333
54,1,21,337
54,1,20,350
54,1,19,345
54,1,18,360
54,1,17,360
54,1,16,374
54,1,15,384
54,1,14,395
54,1,13,420
54,1,12,432
54,1,11,454
54,1,10,503
54,1,9,516
54,1,8,548
54,1,7,584
54,1,6,591
54,1,5,588
54,1,4,589
54,1,3,577
54,1,2,573
54,1,1,544
55,1,28,97
55,1,27,99
55,1,26,96
55,1,25,90
55,1,24,89
55,1,23,94
55,1,22,95
55,1,21,90
55,1,20,90
55,1,19,85
55,1,18,84
55,1,17,77
55,1,16,79
55,1,15,81
55,1,14,77
55,1,13,76
55,1,12,81
55,1,11,73
55,1,10,79
55,1,9,76
55,1,8,79
55,1,7,85
55,1,6,93
55,1,5,91
55,1,4,96
55,1,3,87
55,1,2,95
55,1,1,87
56,1,28,127
56,1,27,138
56,1,26,141
56,1,25,136
56,1,24,134
56,1,23,137
56,1,22,134
56,1,21,137
56,1,20,137
56,1,19,135
56,1,18,130
56,1,17,127
56,1,16,123
56,1,15,143
56,1,14,145
56,1,13,150
56,1,12,152
56,1,11,160
56,1,10,170
56,1,9,175
56,1,8,177
56,1,7,187
56,1,6,174
56,1,5,167
56,1,4,175
56,1,3,174
56,1,2,180
56,1,1,193
57,1,28,178
57,1,27,177
57,1,26,195
57,1,25,200
57,1,24,197
57,1,23,214
57,1,22,221
57,1,21,212
57,1,20,208
57,1,19,208
57,1,18,207
57,1,17,190
57,1,16,195
57,1,15,188
57,1,14,189
57,1,13,198
57,1,12,203
57,1,11,210
57,1,10,213
57,1,9,216
57,1,8,228
57,1,7,227
57,1,6,230
57,1,5,200
57,1,4,208
57,1,3,195
57,1,2,197
57,1,1,211
58,1,28,76
58,1,27,78
58,1,26,89
58,1,25,86
58,1,24,95
58,1,23,87
58,1,22,90
58,1,21,88
58,1,20,89
58,1,19,80
58,1,18,68
58,1,17,65
58,1,16,73
58,1,15,73
58,1,14,75
58,1,13,78
58,1,12,83
58,1,11,83
58,1,10,82
58,1,9,83
58,1,8,92
58,1,7,97
58,1,6,93
58,1,5,90
58,1,4,91
58,1,3,88
58,1,2,88
58,1,1,84
59,1,28,664
59,1,27,656
59,1,26,661
59,1,25,674
59,1,24,690
59,1,23,707
59,1,22,725
59,1,21,732
59,1,20,722
59,1,19,752
59,1,18,785
59,1,17,813
59,1,16,836
59,1,15,879
59,1,14,910
59,1,13,952
59,1,12,1009
59,1,11,1093
59,1,10,1150
59,1,9,1194
59,1,8,1223
59,1,7,1262
59,1,6,1289
59,1,5,1327
59,1,4,1331
59,1,3,1302
59,1,2,1293
59,1,1,1227
60,1,28,858
60,1,27,858
60,1,26,848
60,1,25,891
60,1,24,875
60,1,23,871
60,1,22,860
60,1,21,865
60,1,20,862
60,1,19,859
60,1,18,872
60,1,17,894
60,1,16,909
60,1,15,953
60,1,14,967
60,1,13,989
60,1,12,1035
60,1,11,1065
60,1,10,1090
60,1,9,1172
60,1,8,1212
60,1,7,1264
60,1,6,1332
60,1,5,1414
60,1,4,1505
60,1,3,1589
60,1,2,1652
60,1,1,1733
61,1,28,147
61,1,27,156
61,1,26,150
61,1,25,161
61,1,24,162
61,1,23,165
61,1,22,153
61,1,21,150
61,1,20,147
61,1,19,153
61,1,18,157
61,1,17,163
61,1,16,157
61,1,15,177
61,1,14,179
61,1,13,196
61,1,12,194
61,1,11,195
61,1,10,202
61,1,9,201
61,1,8,202
61,1,7,205
61,1,6,205
61,1,5,211
61,1,4,201
61,1,3,202
61,1,2,198
61,1,1,189
62,1,28,133
62,1,27,127
62,1,26,125
62,1,25,123
62,1,24,119
62,1,23,113
62,1,22,116
62,1,21,110
62,1,20,111
62,1,19,102
62,1,18,103
62,1,17,97
62,1,16,104
62,1,15,101
62,1,14,108
62,1,13,104
62,1,12,108
62,1,11,106
62,1,10,108
62,1,9,108
62,1,8,114
62,1,7,111
62,1,6,115
62,1,5,112
62,1,4,115
62,1,3,111
62,1,2,111
62,1,1,111
63,1,28,206
63,1,27,208
63,1,26,214
63,1,25,199
63,1,24,205
63,1,23,207
63,1,22,198
63,1,21,205
63,1,20,212
63,1,19,224
63,1,18,219
63,1,17,213
63,1,16,212
63,1,15,218
63,1,14,218
63,1,13,225
63,1,12,237
63,1,11,230
63,1,10,239
63,1,9,241
63,1,8,256
63,1,7,258
63,1,6,271
63,1,5,262
63,1,4,274
63,1,3,272
63,1,2,286
63,1,1,287
50,1,28,72
50,1,27,75
50,1,26,72
50,1,25,76
50,1,24,78
50,1,23,78
50,1,22,75
50,1,21,80
50,1,20,81
50,1,19,89
50,1,18,83
50,1,17,86
50,1,16,90
50,1,15,97
50,1,14,105
50,1,13,106
50,1,12,111
50,1,11,118
50,1,10,112
50,1,9,123
50,1,8,119
50,1,7,116
50,1,6,109
50,1,5,105
50,1,4,108
50,1,3,100
50,1,2,96
50,1,1,93
1,2,28,879
1,2,27,853
1,2,26,860
1,2,25,917
1,2,24,964
1,2,23,935
1,2,22,972
1,2,21,1014
1,2,20,1061
1,2,19,1053
1,2,18,1089
1,2,17,1164
1,2,16,1215
1,2,15,1302
1,2,14,1409
1,2,13,1545
1,2,12,1587
1,2,11,1624
1,2,10,1681
1,2,9,1754
1,2,8,1793
1,2,7,1838
1,2,6,1947
1,2,5,2008
1,2,4,2009
1,2,3,1986
1,2,2,2029
1,2,1,1952
2,2,28,68
2,2,27,77
2,2,26,77
2,2,25,82
2,2,24,86
2,2,23,97
2,2,22,93
2,2,21,95
2,2,20,95
2,2,19,104
2,2,18,109
2,2,17,125
2,2,16,134
2,2,15,138
2,2,14,137
2,2,13,135
2,2,12,129
2,2,11,125
2,2,10,123
2,2,9,132
2,2,8,130
2,2,7,130
2,2,6,130
2,2,5,138
2,2,4,128
2,2,3,128
2,2,2,131
2,2,1,127
3,2,28,21
3,2,27,21
3,2,26,22
3,2,25,24
3,2,24,23
3,2,23,20
3,2,22,25
3,2,21,25
3,2,20,27
3,2,19,29
3,2,18,33
3,2,17,39
3,2,16,45
3,2,15,42
3,2,14,48
3,2,13,49
3,2,12,48
3,2,11,45
3,2,10,39
3,2,9,39
3,2,8,47
3,2,7,53
3,2,6,63
3,2,5,70
3,2,4,68
3,2,3,67
3,2,2,57
3,2,1,49
4,2,28,78
4,2,27,92
4,2,26,100
4,2,25,108
4,2,24,116
4,2,23,128
4,2,22,122
4,2,21,137
4,2,20,131
4,2,19,133
4,2,18,135
4,2,17,154
4,2,16,156
4,2,15,166
4,2,14,168
4,2,13,167
4,2,12,150
4,2,11,148
4,2,10,140
4,2,9,137
4,2,8,136
4,2,7,130
4,2,6,113
4,2,5,99
4,2,4,93
4,2,3,88
4,2,2,97
4,2,1,104
5,2,28,65
5,2,27,62
5,2,26,67
5,2,25,70
5,2,24,69
5,2,23,83
5,2,22,79
5,2,21,71
5,2,20,65
5,2,19,79
5,2,18,77
5,2,17,95
5,2,16,102
5,2,15,87
5,2,14,77
5,2,13,79
5,2,12,79
5,2,11,89
5,2,10,95
5,2,9,100
5,2,8,97
5,2,7,93
5,2,6,98
5,2,5,99
5,2,4,106
5,2,3,114
5,2,2,121
5,2,1,120
6,2,28,21
6,2,27,17
6,2,26,9
6,2,25,10
6,2,24,9
6,2,23,17
6,2,22,18
6,2,21,16
6,2,20,15
6,2,19,19
6,2,18,20
6,2,17,23
6,2,16,26
6,2,15,28
6,2,14,35
6,2,13,33
6,2,12,33
6,2,11,36
6,2,10,34
6,2,9,34
6,2,8,38
6,2,7,37
6,2,6,35
6,2,5,34
6,2,4,29
6,2,3,24
6,2,2,21
6,2,1,20
7,2,28,13
7,2,27,14
7,2,26,21
7,2,25,25
7,2,24,25
7,2,23,26
7,2,22,29
7,2,21,27
7,2,20,27
7,2,19,28
7,2,18,31
7,2,17,33
7,2,16,39
7,2,15,43
7,2,14,44
7,2,13,44
7,2,12,43
7,2,11,37
7,2,10,38
7,2,9,35
7,2,8,30
7,2,7,25
7,2,6,26
7,2,5,25
7,2,4,26
7,2,3,24
7,2,2,24
7,2,1,27
8,2,28,40
8,2,27,42
8,2,26,47
8,2,25,52
8,2,24,56
8,2,23,60
8,2,22,58
8,2,21,55
8,2,20,55
8,2,19,53
8,2,18,58
8,2,17,63
8,2,16,66
8,2,15,75
8,2,14,77
8,2,13,74
8,2,12,75
8,2,11,69
8,2,10,62
8,2,9,67
8,2,8,63
8,2,7,64
8,2,6,65
8,2,5,70
8,2,4,70
8,2,3,75
8,2,2,70
8,2,1,66
9,2,28,18
9,2,27,19
9,2,26,15
9,2,25,16
9,2,24,14
9,2,23,15
9,2,22,16
9,2,21,17
9,2,20,15
9,2,19,15
9,2,18,13
9,2,17,16
9,2,16,17
9,2,15,13
9,2,14,16
9,2,13,18
9,2,12,21
9,2,11,22
9,2,10,25
9,2,9,22
9,2,8,21
9,2,7,20
9,2,6,19
9,2,5,21
9,2,4,21
9,2,3,23
9,2,2,22
9,2,1,24
10,2,28,51
10,2,27,55
10,2,26,54
10,2,25,55
10,2,24,57
10,2,23,62
10,2,22,66
10,2,21,62
10,2,20,56
10,2,19,60
10,2,18,54
10,2,17,54
10,2,16,59
10,2,15,65
10,2,14,64
10,2,13,63
10,2,12,63
10,2,11,61
10,2,10,61
10,2,9,62
10,2,8,64
10,2,7,76
10,2,6,79
10,2,5,81
10,2,4,80
10,2,3,89
10,2,2,76
10,2,1,75
11,2,28,46
11,2,27,43
11,2,26,39
11,2,25,35
11,2,24,26
11,2,23,24
11,2,22,20
11,2,21,20
11,2,20,22
11,2,19,28
11,2,18,29
11,2,17,34
11,2,16,40
11,2,15,40
11,2,14,39
11,2,13,41
11,2,12,42
11,2,11,36
11,2,10,37
11,2,9,42
11,2,8,48
11,2,7,47
11,2,6,47
11,2,5,41
11,2,4,41
11,2,3,39
11,2,2,39
11,2,1,40
12,2,28,65
12,2,27,68
12,2,26,72
12,2,25,65
12,2,24,67
12,2,23,71
12,2,22,69
12,2,21,74
12,2,20,73
12,2,19,75
12,2,18,69
12,2,17,65
12,2,16,62
12,2,15,66
12,2,14,54
12,2,13,61
12,2,12,65
12,2,11,70
12,2,10,77
12,2,9,76
12,2,8,78
12,2,7,81
12,2,6,77
12,2,5,78
12,2,4,81
12,2,3,81
12,2,2,77
12,2,1,77
13,2,28,66
13,2,27,71
13,2,26,69
13,2,25,75
13,2,24,74
13,2,23,78
13,2,22,76
13,2,21,86
13,2,20,89
13,2,19,83
13,2,18,91
13,2,17,99
13,2,16,110
13,2,15,105
13,2,14,123
13,2,13,118
13,2,12,119
13,2,11,104
13,2,10,104
13,2,9,88
13,2,8,80
13,2,7,79
13,2,6,89
13,2,5,95
13,2,4,104
13,2,3,110
13,2,2,121
13,2,1,117
14,2,28,7
14,2,27,6
14,2,26,6
14,2,25,3
14,2,24,2
14,2,23,4
14,2,22,5
14,2,21,4
14,2,20,5
14,2,19,6
14,2,18,6
14,2,17,5
14,2,16,5
14,2,15,5
14,2,14,4
14,2,13,7
14,2,12,9
14,2,11,11
14,2,10,11
14,2,9,11
14,2,8,9
14,2,7,9
14,2,6,9
14,2,5,13
14,2,4,13
14,2,3,17
14,2,2,16
14,2,1,14
15,2,28,52
15,2,27,46
15,2,26,50
15,2,25,46
15,2,24,44
15,2,23,43
15,2,22,34
15,2,21,43
15,2,20,48
15,2,19,57
15,2,18,55
15,2,17,60
15,2,16,49
15,2,15,53
15,2,14,50
15,2,13,53
15,2,12,55
15,2,11,63
15,2,10,57
15,2,9,60
15,2,8,49
15,2,7,40
15,2,6,35
15,2,5,39
15,2,4,31
15,2,3,39
15,2,2,43
15,2,1,43
16,2,28,8
16,2,27,7
16,2,26,6
16,2,25,6
16,2,24,6
16,2,23,7
16,2,22,6
16,2,21,8
16,2,20,7
16,2,19,6
16,2,18,7
16,2,17,11
16,2,16,9
16,2,15,12
16,2,14,13
16,2,13,15
16,2,12,13
16,2,11,15
16,2,10,19
16,2,9,19
16,2,8,18
16,2,7,21
16,2,6,18
16,2,5,10
16,2,4,7
16,2,3,9
16,2,2,10
16,2,1,10
17,2,28,25
17,2,27,25
17,2,26,33
17,2,25,31
17,2,24,28
17,2,23,29
17,2,22,31
17,2,21,26
17,2,20,28
17,2,19,31
17,2,18,31
17,2,17,30
17,2,16,30
17,2,15,34
17,2,14,31
17,2,13,31
17,2,12,32
17,2,11,35
17,2,10,34
17,2,9,31
17,2,8,39
17,2,7,44
17,2,6,40
17,2,5,47
17,2,4,47
17,2,3,46
17,2,2,45
17,2,1,49
18,2,28,53
18,2,27,57
18,2,26,62
18,2,25,64
18,2,24,63
18,2,23,68
18,2,22,68
18,2,21,64
18,2,20,58
18,2,19,56
18,2,18,52
18,2,17,43
18,2,16,48
18,2,15,48
18,2,14,43
18,2,13,43
18,2,12,53
18,2,11,47
18,2,10,58
18,2,9,68
18,2,8,62
18,2,7,51
18,2,6,52
18,2,5,60
18,2,4,61
18,2,3,70
18,2,2,76
18,2,1,88
19,2,28,27
19,2,27,26
19,2,26,24
19,2,25,22
19,2,24,23
19,2,23,24
19,2,22,23
19,2,21,21
19,2,20,28
19,2,19,24
19,2,18,24
19,2,17,31
19,2,16,33
19,2,15,29
19,2,14,35
19,2,13,40
19,2,12,38
19,2,11,50
19,2,10,49
19,2,9,45
19,2,8,50
19,2,7,39
19,2,6,35
19,2,5,40
19,2,4,39
19,2,3,43
19,2,2,49
19,2,1,58
20,2,28,113
20,2,27,97
20,2,26,89
20,2,25,90
20,2,24,87
20,2,23,86
20,2,22,78
20,2,21,83
20,2,20,77
20,2,19,70
20,2,18,69
20,2,17,65
20,2,16,57
20,2,15,60
20,2,14,65
20,2,13,61
20,2,12,71
20,2,11,77
20,2,10,82
20,2,9,77
20,2,8,85
20,2,7,86
20,2,6,78
20,2,5,72
20,2,4,74
20,2,3,72
20,2,2,72
20,2,1,80
21,2,28,49
21,2,27,43
21,2,26,40
21,2,25,43
21,2,24,43
21,2,23,48
21,2,22,43
21,2,21,45
21,2,20,41
21,2,19,45
21,2,18,40
21,2,17,45
21,2,16,48
21,2,15,54
21,2,14,54
21,2,13,55
21,2,12,55
21,2,11,51
21,2,10,48
21,2,9,47
21,2,8,47
21,2,7,43
21,2,6,42
21,2,5,40
21,2,4,40
21,2,3,47
21,2,2,49
21,2,1,57
22,2,28,134
22,2,27,135
22,2,26,131
22,2,25,142
22,2,24,145
22,2,23,148
22,2,22,169
22,2,21,183
22,2,20,183
22,2,19,191
22,2,18,207
22,2,17,213
22,2,16,213
22,2,15,216
22,2,14,226
22,2,13,224
22,2,12,223
22,2,11,224
22,2,10,233
22,2,9,238
22,2,8,227
22,2,7,225
22,2,6,209
22,2,5,201
22,2,4,216
22,2,3,222
22,2,2,229
22,2,1,241
23,2,28,75
23,2,27,72
23,2,26,73
23,2,25,72
23,2,24,85
23,2,23,89
23,2,22,102
23,2,21,97
23,2,20,108
23,2,19,101
23,2,18,114
23,2,17,115
23,2,16,129
23,2,15,147
23,2,14,170
23,2,13,164
23,2,12,158
23,2,11,154
23,2,10,133
23,2,9,130
23,2,8,129
23,2,7,137
23,2,6,134
23,2,5,145
23,2,4,136
23,2,3,136
23,2,2,145
23,2,1,155
24,2,28,31
24,2,27,28
24,2,26,31
24,2,25,36
24,2,24,35
24,2,23,25
24,2,22,24
24,2,21,27
24,2,20,31
24,2,19,35
24,2,18,43
24,2,17,54
24,2,16,52
24,2,15,53
24,2,14,60
24,2,13,55
24,2,12,49
24,2,11,55
24,2,10,55
24,2,9,51
24,2,8,54
24,2,7,55
24,2,6,56
24,2,5,54
24,2,4,52
24,2,3,46
24,2,2,45
24,2,1,42
25,2,28,101
25,2,27,100
25,2,26,103
25,2,25,101
25,2,24,109
25,2,23,105
25,2,22,111
25,2,21,109
25,2,20,107
25,2,19,105
25,2,18,109
25,2,17,110
25,2,16,121
25,2,15,133
25,2,14,132
25,2,13,137
25,2,12,142
25,2,11,140
25,2,10,135
25,2,9,133
25,2,8,123
25,2,7,128
25,2,6,126
25,2,5,122
25,2,4,119
25,2,3,133
25,2,2,128
25,2,1,129
26,2,28,70
26,2,27,71
26,2,26,74
26,2,25,82
26,2,24,83
26,2,23,75
26,2,22,73
26,2,21,69
26,2,20,61
26,2,19,59
26,2,18,59
26,2,17,61
26,2,16,60
26,2,15,72
26,2,14,79
26,2,13,83
26,2,12,81
26,2,11,79
26,2,10,71
26,2,9,72
26,2,8,73
26,2,7,73
26,2,6,87
26,2,5,86
26,2,4,90
26,2,3,80
26,2,2,78
26,2,1,69
27,2,28,115
27,2,27,112
27,2,26,106
27,2,25,104
27,2,24,106
27,2,23,104
27,2,22,106
27,2,21,112
27,2,20,109
27,2,19,120
27,2,18,129
27,2,17,132
27,2,16,129
27,2,15,147
27,2,14,153
27,2,13,149
27,2,12,153
27,2,11,161
27,2,10,163
27,2,9,158
27,2,8,152
27,2,7,143
27,2,6,154
27,2,5,141
27,2,4,141
27,2,3,144
27,2,2,149
27,2,1,154
28,2,28,109
28,2,27,125
28,2,26,134
28,2,25,135
28,2,24,144
28,2,23,152
28,2,22,158
28,2,21,144
28,2,20,150
28,2,19,134
28,2,18,127
28,2,17,116
28,2,16,119
28,2,15,122
28,2,14,132
28,2,13,129
28,2,12,134
28,2,11,132
28,2,10,122
28,2,9,115
28,2,8,116
28,2,7,133
28,2,6,139
28,2,5,154
28,2,4,160
28,2,3,170
28,2,2,160
28,2,1,159
29,2,28,183
29,2,27,180
29,2,26,184
29,2,25,173
29,2,24,187
29,2,23,197
29,2,22,202
29,2,21,224
29,2,20,234
29,2,19,234
29,2,18,239
29,2,17,255
29,2,16,264
29,2,15,285
29,2,14,305
29,2,13,315
29,2,12,313
29,2,11,309
29,2,10,334
29,2,9,331
29,2,8,330
29,2,7,334
29,2,6,341
29,2,5,310
29,2,4,311
29,2,3,318
29,2,2,318
29,2,1,307
30,2,28,182
30,2,27,185
30,2,26,176
30,2,25,183
30,2,24,184
30,2,23,187
30,2,22,195
30,2,21,205
30,2,20,198
30,2,19,197
30,2,18,198
30,2,17,193
30,2,16,206
30,2,15,212
30,2,14,206
30,2,13,204
30,2,12,203
30,2,11,190
30,2,10,185
30,2,9,187
30,2,8,190
30,2,7,199
30,2,6,203
30,2,5,195
30,2,4,182
30,2,3,181
30,2,2,182
30,2,1,183
31,2,28,69
31,2,27,71
31,2,26,68
31,2,25,70
31,2,24,73
31,2,23,75
31,2,22,71
31,2,21,78
31,2,20,71
31,2,19,70
31,2,18,68
31,2,17,75
31,2,16,70
31,2,15,84
31,2,14,85
31,2,13,83
31,2,12,75
31,2,11,73
31,2,10,66
31,2,9,60
31,2,8,65
31,2,7,58
31,2,6,59
31,2,5,59
31,2,4,70
31,2,3,67
31,2,2,78
31,2,1,83
32,2,28,147
32,2,27,152
32,2,26,143
32,2,25,137
32,2,24,148
32,2,23,166
32,2,22,164
32,2,21,179
32,2,20,199
32,2,19,197
32,2,18,203
32,2,17,216
32,2,16,217
32,2,15,209
32,2,14,214
32,2,13,197
32,2,12,176
32,2,11,168
32,2,10,166
32,2,9,171
32,2,8,173
32,2,7,186
32,2,6,194
32,2,5,196
32,2,4,193
32,2,3,191
32,2,2,196
32,2,1,184
33,2,28,77
33,2,27,77
33,2,26,74
33,2,25,78
33,2,24,80
33,2,23,81
33,2,22,78
33,2,21,80
33,2,20,75
33,2,19,75
33,2,18,72
33,2,17,73
33,2,16,75
33,2,15,80
33,2,14,83
33,2,13,81
33,2,12,82
33,2,11,75
33,2,10,72
33,2,9,64
33,2,8,69
33,2,7,73
33,2,6,74
33,2,5,80
33,2,4,85
33,2,3,82
33,2,2,77
33,2,1,80
34,2,28,200
34,2,27,212
34,2,26,218
34,2,25,230
34,2,24,237
34,2,23,253
34,2,22,256
34,2,21,257
34,2,20,253
34,2,19,263
34,2,18,270
34,2,17,278
34,2,16,294
34,2,15,301
34,2,14,299
34,2,13,289
34,2,12,289
34,2,11,284
34,2,10,289
34,2,9,289
34,2,8,289
34,2,7,271
34,2,6,265
34,2,5,255
34,2,4,241
34,2,3,234
34,2,2,229
34,2,1,240
35,2,28,414
35,2,27,396
35,2,26,398
35,2,25,395
35,2,24,405
35,2,23,420
35,2,22,451
35,2,21,470
35,2,20,501
35,2,19,526
35,2,18,556
35,2,17,623
35,2,16,656
35,2,15,763
35,2,14,804
35,2,13,835
35,2,12,844
35,2,11,854
35,2,10,814
35,2,9,780
35,2,8,773
35,2,7,738
35,2,6,730
35,2,5,768
35,2,4,761
35,2,3,804
35,2,2,815
35,2,1,828
36,2,28,263
36,2,27,256
36,2,26,249
36,2,25,267
36,2,24,273
36,2,23,284
36,2,22,293
36,2,21,305
36,2,20,303
36,2,19,312
36,2,18,320
36,2,17,339
36,2,16,350
36,2,15,348
36,2,14,336
36,2,13,338
36,2,12,336
36,2,11,314
36,2,10,293
36,2,9,289
36,2,8,280
36,2,7,243
36,2,6,250
36,2,5,258
36,2,4,257
36,2,3,251
36,2,2,272
36,2,1,263
37,2,28,130
37,2,27,131
37,2,26,144
37,2,25,135
37,2,24,140
37,2,23,142
37,2,22,143
37,2,21,133
37,2,20,132
37,2,19,123
37,2,18,126
37,2,17,135
37,2,16,134
37,2,15,150
37,2,14,155
37,2,13,152
37,2,12,139
37,2,11,147
37,2,10,128
37,2,9,124
37,2,8,133
37,2,7,144
37,2,6,148
37,2,5,155
37,2,4,156
37,2,3,156
37,2,2,147
37,2,1,149
38,2,28,236
38,2,27,250
38,2,26,256
38,2,25,254
38,2,24,247
38,2,23,261
38,2,22,268
38,2,21,257
38,2,20,262
38,2,19,263
38,2,18,260
38,2,17,260
38,2,16,282
38,2,15,291
38,2,14,301
38,2,13,299
38,2,12,305
38,2,11,295
38,2,10,287
38,2,9,277
38,2,8,267
38,2,7,250
38,2,6,252
38,2,5,254
38,2,4,264
38,2,3,280
38,2,2,284
38,2,1,288
39,2,28,278
39,2,27,272
39,2,26,280
39,2,25,294
39,2,24,294
39,2,23,314
39,2,22,309
39,2,21,324
39,2,20,323
39,2,19,335
39,2,18,345
39,2,17,386
39,2,16,414
39,2,15,437
39,2,14,441
39,2,13,436
39,2,12,414
39,2,11,389
39,2,10,368
39,2,9,353
39,2,8,338
39,2,7,314
39,2,6,304
39,2,5,291
39,2,4,280
39,2,3,298
39,2,2,302
39,2,1,302
40,2,28,196
40,2,27,201
40,2,26,217
40,2,25,219
40,2,24,246
40,2,23,255
40,2,22,266
40,2,21,271
40,2,20,271
40,2,19,279
40,2,18,279
40,2,17,277
40,2,16,278
40,2,15,293
40,2,14,280
40,2,13,286
40,2,12,276
40,2,11,255
40,2,10,237
40,2,9,234
40,2,8,233
40,2,7,231
40,2,6,234
40,2,5,224
40,2,4,214
40,2,3,200
40,2,2,205
40,2,1,207
41,2,28,370
41,2,27,360
41,2,26,366
41,2,25,367
41,2,24,359
41,2,23,360
41,2,22,380
41,2,21,375
41,2,20,374
41,2,19,401
41,2,18,402
41,2,17,427
41,2,16,467
41,2,15,489
41,2,14,483
41,2,13,504
41,2,12,481
41,2,11,456
41,2,10,446
41,2,9,437
41,2,8,427
41,2,7,401
41,2,6,401
41,2,5,400
41,2,4,417
41,2,3,410
41,2,2,424
41,2,1,421
42,2,28,156
42,2,27,160
42,2,26,163
42,2,25,174
42,2,24,182
42,2,23,155
42,2,22,166
42,2,21,171
42,2,20,174
42,2,19,178
42,2,18,195
42,2,17,191
42,2,16,202
42,2,15,207
42,2,14,194
42,2,13,182
42,2,12,186
42,2,11,169
42,2,10,173
42,2,9,171
42,2,8,187
42,2,7,180
42,2,6,179
42,2,5,164
42,2,4,159
42,2,3,152
42,2,2,157
42,2,1,155
43,2,28,158
43,2,27,167
43,2,26,168
43,2,25,183
43,2,24,182
43,2,23,189
43,2,22,196
43,2,21,209
43,2,20,209
43,2,19,205
43,2,18,209
43,2,17,217
43,2,16,218
43,2,15,213
43,2,14,216
43,2,13,207
43,2,12,206
43,2,11,197
43,2,10,202
43,2,9,196
43,2,8,197
43,2,7,189
43,2,6,183
43,2,5,176
43,2,4,168
43,2,3,171
43,2,2,178
43,2,1,184
44,2,28,53
44,2,27,55
44,2,26,52
44,2,25,55
44,2,24,49
44,2,23,43
44,2,22,44
44,2,21,41
44,2,20,44
44,2,19,53
44,2,18,62
44,2,17,62
44,2,16,67
44,2,15,71
44,2,14,65
44,2,13,60
44,2,12,55
44,2,11,55
44,2,10,48
44,2,9,53
44,2,8,50
44,2,7,51
44,2,6,57
44,2,5,62
44,2,4,55
44,2,3,60
44,2,2,63
44,2,1,59
45,2,28,54
45,2,27,51
45,2,26,54
45,2,25,54
45,2,24,53
45,2,23,51
45,2,22,59
45,2,21,48
45,2,20,55
45,2,19,56
45,2,18,56
45,2,17,63
45,2,16,73
45,2,15,69
45,2,14,71
45,2,13,72
45,2,12,67
45,2,11,72
45,2,10,68
45,2,9,75
45,2,8,78
45,2,7,83
45,2,6,71
45,2,5,77
45,2,4,73
45,2,3,73
45,2,2,70
45,2,1,83
46,2,28,110
46,2,27,115
46,2,26,111
46,2,25,113
46,2,24,99
46,2,23,97
46,2,22,101
46,2,21,100
46,2,20,107
46,2,19,116
46,2,18,121
46,2,17,117
46,2,16,124
46,2,15,125
46,2,14,135
46,2,13,139
46,2,12,136
46,2,11,135
46,2,10,148
46,2,9,138
46,2,8,138
46,2,7,137
46,2,6,126
46,2,5,118
46,2,4,119
46,2,3,107
46,2,2,110
46,2,1,113
47,2,28,397
47,2,27,382
47,2,26,393
47,2,25,390
47,2,24,408
47,2,23,404
47,2,22,436
47,2,21,444
47,2,20,460
47,2,19,471
47,2,18,486
47,2,17,506
47,2,16,524
47,2,15,556
47,2,14,571
47,2,13,589
47,2,12,573
47,2,11,558
47,2,10,532
47,2,9,524
47,2,8,498
47,2,7,495
47,2,6,463
47,2,5,466
47,2,4,443
47,2,3,427
47,2,2,419
47,2,1,436
48,2,28,171
48,2,27,171
48,2,26,166
48,2,25,160
48,2,24,171
48,2,23,175
48,2,22,180
48,2,21,182
48,2,20,181
48,2,19,170
48,2,18,176
48,2,17,174
48,2,16,187
48,2,15,186
48,2,14,202
48,2,13,203
48,2,12,194
48,2,11,185
48,2,10,189
48,2,9,188
48,2,8,189
48,2,7,187
48,2,6,180
48,2,5,195
48,2,4,178
48,2,3,166
48,2,2,167
48,2,1,175
49,2,28,78
49,2,27,82
49,2,26,76
49,2,25,86
49,2,24,91
49,2,23,100
49,2,22,113
49,2,21,111
49,2,20,109
49,2,19,111
49,2,18,109
49,2,17,101
49,2,16,113
49,2,15,111
49,2,14,121
49,2,13,120
49,2,12,125
49,2,11,134
49,2,10,131
49,2,9,117
49,2,8,119
49,2,7,109
49,2,6,97
49,2,5,94
49,2,4,102
49,2,3,100
49,2,2,104
49,2,1,113
51,2,28,72
51,2,27,78
51,2,26,82
51,2,25,78
51,2,24,88
51,2,23,97
51,2,22,95
51,2,21,99
51,2,20,104
51,2,19,109
51,2,18,110
51,2,17,123
51,2,16,120
51,2,15,134
51,2,14,139
51,2,13,134
51,2,12,134
51,2,11,145
51,2,10,135
51,2,9,128
51,2,8,126
51,2,7,120
51,2,6,119
51,2,5,123
51,2,4,117
51,2,3,116
51,2,2,119
51,2,1,119
52,2,28,63
52,2,27,63
52,2,26,74
52,2,25,76
52,2,24,80
52,2,23,93
52,2,22,89
52,2,21,78
52,2,20,79
52,2,19,79
52,2,18,75
52,2,17,75
52,2,16,81
52,2,15,70
52,2,14,73
52,2,13,79
52,2,12,77
52,2,11,77
52,2,10,75
52,2,9,75
52,2,8,78
52,2,7,76
52,2,6,72
52,2,5,69
52,2,4,68
52,2,3,62
52,2,2,62
52,2,1,67
53,2,28,222
53,2,27,228
53,2,26,234
53,2,25,241
53,2,24,230
53,2,23,235
53,2,22,228
53,2,21,238
53,2,20,227
53,2,19,233
53,2,18,240
53,2,17,241
53,2,16,240
53,2,15,259
53,2,14,266
53,2,13,269
53,2,12,259
53,2,11,247
53,2,10,233
53,2,9,227
53,2,8,221
53,2,7,222
53,2,6,230
53,2,5,232
53,2,4,231
53,2,3,234
53,2,2,246
53,2,1,234
54,2,28,192
54,2,27,191
54,2,26,197
54,2,25,209
54,2,24,209
54,2,23,211
54,2,22,211
54,2,21,213
54,2,20,222
54,2,19,238
54,2,18,250
54,2,17,266
54,2,16,285
54,2,15,322
54,2,14,338
54,2,13,341
54,2,12,363
54,2,11,360
54,2,10,335
54,2,9,335
54,2,8,308
54,2,7,291
54,2,6,296
54,2,5,303
54,2,4,296
54,2,3,321
54,2,2,343
54,2,1,357
55,2,28,51
55,2,27,47
55,2,26,45
55,2,25,50
55,2,24,52
55,2,23,47
55,2,22,39
55,2,21,42
55,2,20,35
55,2,19,40
55,2,18,42
55,2,17,52
55,2,16,50
55,2,15,58
55,2,14,54
55,2,13,50
55,2,12,51
55,2,11,59
55,2,10,53
55,2,9,59
55,2,8,56
55,2,7,57
55,2,6,52
55,2,5,52
55,2,4,49
55,2,3,51
55,2,2,46
55,2,1,52
56,2,28,87
56,2,27,78
56,2,26,73
56,2,25,68
56,2,24,67
56,2,23,68
56,2,22,72
56,2,21,61
56,2,20,73
56,2,19,84
56,2,18,91
56,2,17,95
56,2,16,106
56,2,15,97
56,2,14,99
56,2,13,107
56,2,12,111
56,2,11,105
56,2,10,102
56,2,9,91
56,2,8,88
56,2,7,89
56,2,6,106
56,2,5,121
56,2,4,129
56,2,3,137
56,2,2,138
56,2,1,133
57,2,28,131
57,2,27,127
57,2,26,108
57,2,25,110
57,2,24,106
57,2,23,98
57,2,22,101
57,2,21,102
57,2,20,105
57,2,19,116
57,2,18,118
57,2,17,123
57,2,16,124
57,2,15,122
57,2,14,118
57,2,13,123
57,2,12,118
57,2,11,120
57,2,10,115
57,2,9,121
57,2,8,104
57,2,7,114
57,2,6,111
57,2,5,122
57,2,4,114
57,2,3,128
57,2,2,121
57,2,1,125
58,2,28,51
58,2,27,49
58,2,26,43
58,2,25,46
58,2,24,38
58,2,23,41
58,2,22,38
58,2,21,44
58,2,20,45
58,2,19,48
58,2,18,48
58,2,17,54
58,2,16,53
58,2,15,51
58,2,14,51
58,2,13,57
58,2,12,58
58,2,11,56
58,2,10,54
58,2,9,55
58,2,8,50
58,2,7,45
58,2,6,40
58,2,5,37
58,2,4,38
58,2,3,35
58,2,2,37
58,2,1,39
59,2,28,366
59,2,27,381
59,2,26,403
59,2,25,421
59,2,24,443
59,2,23,442
59,2,22,459
59,2,21,474
59,2,20,510
59,2,19,528
59,2,18,549
59,2,17,618
59,2,16,659
59,2,15,692
59,2,14,725
59,2,13,744
59,2,12,713
59,2,11,693
59,2,10,690
59,2,9,670
59,2,8,657
59,2,7,654
59,2,6,649
59,2,5,646
59,2,4,684
59,2,3,690
59,2,2,700
59,2,1,690
60,2,28,452
60,2,27,467
60,2,26,476
60,2,25,459
60,2,24,472
60,2,23,468
60,2,22,483
60,2,21,520
60,2,20,553
60,2,19,569
60,2,18,590
60,2,17,603
60,2,16,608
60,2,15,607
60,2,14,653
60,2,13,684
60,2,12,738
60,2,11,777
60,2,10,869
60,2,9,904
60,2,8,970
60,2,7,995
60,2,6,1025
60,2,5,996
60,2,4,992
60,2,3,989
60,2,2,990
60,2,1,1008
61,2,28,80
61,2,27,74
61,2,26,88
61,2,25,83
61,2,24,90
61,2,23,94
61,2,22,95
61,2,21,93
61,2,20,99
61,2,19,103
61,2,18,116
61,2,17,118
61,2,16,119
61,2,15,111
61,2,14,112
61,2,13,100
61,2,12,107
61,2,11,114
61,2,10,111
61,2,9,117
61,2,8,119
61,2,7,116
61,2,6,104
61,2,5,99
61,2,4,101
61,2,3,96
61,2,2,105
61,2,1,110
62,2,28,49
62,2,27,54
62,2,26,52
62,2,25,49
62,2,24,51
62,2,23,64
62,2,22,59
62,2,21,62
62,2,20,55
62,2,19,58
62,2,18,52
62,2,17,59
62,2,16,59
62,2,15,66
62,2,14,70
62,2,13,75
62,2,12,73
62,2,11,70
62,2,10,68
62,2,9,59
62,2,8,58
62,2,7,57
62,2,6,60
62,2,5,70
62,2,4,78
62,2,3,89
62,2,2,94
62,2,1,99
63,2,28,124
63,2,27,111
63,2,26,111
63,2,25,125
63,2,24,125
63,2,23,121
63,2,22,128
63,2,21,118
63,2,20,109
63,2,19,110
63,2,18,111
63,2,17,126
63,2,16,130
63,2,15,150
63,2,14,149
63,2,13,163
63,2,12,149
63,2,11,164
63,2,10,156
63,2,9,160
63,2,8,154
63,2,7,165
63,2,6,164
63,2,5,164
63,2,4,171
63,2,3,188
63,2,2,188
63,2,1,188
50,2,28,46
50,2,27,37
50,2,26,41
50,2,25,40
50,2,24,45
50,2,23,51
50,2,22,54
50,2,21,59
50,2,20,59
50,2,19,55
50,2,18,54
50,2,17,63
50,2,16,64
50,2,15,68
50,2,14,72
50,2,13,73
50,2,12,68
50,2,11,58
50,2,10,51
50,2,9,48
50,2,8,47
50,2,7,46
50,2,6,51
50,2,5,48
50,2,4,45
50,2,3,50
50,2,2,56
50,2,1,59
