FkIdObec,FkIdPodtypSkoly,FkIdTypZriadovatela,FkIdSkRok,PocetSkol,PocetZiakov,PocetTried,PocetUcitelov
1,21,1,28,1,493,21,42
1,21,1,27,1,482,21,40
1,21,1,26,1,487,21,42
1,21,1,25,1,473,20,43
1,21,1,24,1,463,20,47
1,21,1,23,1,483,20,41
1,21,1,22,1,485,20,45
1,21,1,21,1,480,19,41
1,21,1,20,1,504,19,43
1,21,1,19,1,515,19,43
1,21,1,18,1,531,19,47
1,21,1,17,1,530,19,48
1,21,1,16,1,555,19,49
1,21,1,15,1,574,19,46
1,21,1,14,1,592,19,46
1,21,1,13,1,632,20,46
1,21,1,12,1,635,20,51
1,21,1,11,1,627,20,51
1,21,1,10,1,621,20,50
1,21,1,9,1,627,20,49
1,21,1,8,1,661,21,48
1,21,1,7,1,618,20,46
1,21,1,6,1,588,20,47
1,21,1,5,1,534,19,42
1,21,1,4,1,477,17,43
1,21,1,3,1,527,18,45
1,21,1,2,1,545,18,40
1,21,1,1,1,568,18,42
35,21,1,28,1,819,28,63
35,21,1,27,1,807,28,62
35,21,1,26,1,799,27,60
35,21,1,25,1,824,27,64
35,21,1,24,1,827,27,61
35,21,1,23,1,893,29,64
35,21,1,22,1,912,30,69
35,21,1,21,1,938,30,67
35,21,1,20,1,965,31,70
35,21,1,19,1,964,31,73
35,21,1,18,1,951,31,73
35,21,1,17,1,1008,33,80
35,21,1,16,1,1055,34,89
35,21,1,15,1,1116,35,80
35,21,1,14,1,1185,36,80
35,21,1,13,1,1197,36,91
35,21,1,12,1,1187,36,79
35,21,1,11,1,1159,36,75
35,21,1,10,1,1118,35,76
35,21,1,9,1,1050,33,72
35,21,1,8,1,994,31,68
35,21,1,7,1,842,26,56
35,21,1,6,1,715,23,47
35,21,1,5,1,600,20,44
35,21,1,4,1,510,17,39
35,21,1,3,1,510,17,40
35,21,1,2,1,463,15,35
35,21,1,1,1,452,14,36
59,21,1,28,1,487,24,42
59,21,1,27,1,503,24,41
59,21,1,26,1,528,24,46
59,21,1,25,1,545,24,46
59,21,1,24,1,577,25,50
59,21,1,23,1,592,26,52
59,21,1,22,1,611,27,54
59,21,1,21,1,598,26,53
59,21,1,20,1,615,26,56
59,21,1,19,1,636,25,56
59,21,1,18,1,646,24,56
59,21,1,17,1,667,24,56
59,21,1,16,1,684,24,55
59,21,1,15,1,707,24,54
59,21,1,14,1,717,24,58
59,21,1,13,1,761,25,56
59,21,1,12,1,753,25,56
59,21,1,11,1,741,25,56
59,21,1,10,1,747,25,56
59,21,1,9,1,727,24,53
59,21,1,8,1,740,26,53
59,21,1,7,1,700,26,52
59,21,1,6,1,717,27,55
59,21,1,5,1,675,25,50
59,21,1,4,1,655,24,47
59,21,1,3,1,724,26,52
59,21,1,2,1,751,26,48
59,21,1,1,1,799,24,50
60,21,1,28,1,182,11,21
60,21,1,27,1,181,12,19
60,21,1,26,1,170,12,18
60,21,1,25,1,183,12,18
60,21,1,24,1,187,12,19
60,21,1,23,1,196,12,19
60,21,1,22,1,203,12,19
60,21,1,21,1,194,11,21
60,21,1,20,1,211,11,19
60,21,1,19,1,232,11,24
60,21,1,18,1,260,12,26
60,21,1,17,1,292,13,25
60,21,1,16,1,337,14,28
60,21,1,15,1,352,14,29
60,21,1,14,1,351,13,29
60,21,1,13,1,368,13,27
60,21,1,12,1,335,12,27
60,21,1,11,1,333,12,29
60,21,1,10,1,349,13,29
60,21,1,9,1,377,14,31
60,21,1,8,1,387,15,34
60,21,1,7,1,387,15,36
60,21,1,6,1,402,15,35
60,21,1,5,1,429,15,35
60,21,1,4,1,380,13,31
60,21,1,3,1,358,12,31
60,21,1,2,1,306,10,21
60,21,1,1,1,249,8,20
1,22,1,28,4,1196,49,102
1,22,1,27,4,1225,50,104
1,22,1,26,4,1240,49,104
1,22,1,25,4,1298,56,109
1,22,1,24,4,1341,60,114
1,22,1,23,4,1430,60,118
1,22,1,22,4,1488,61,119
1,22,1,21,4,1488,64,131
1,22,1,20,4,1538,68,131
1,22,1,19,4,1623,73,133
1,22,1,18,4,1808,79,147
1,22,1,17,5,1860,78,137
1,22,1,16,5,1998,81,147
1,22,1,15,5,2034,81,143
1,22,1,14,5,2074,82,152
1,22,1,13,5,2131,83,146
1,22,1,12,2,811,28,71
1,22,1,11,2,810,28,75
1,22,1,10,2,835,31,69
1,22,1,9,2,830,29,76
1,22,1,8,3,851,30,77
1,22,1,7,3,843,29,83
1,22,1,6,4,1113,38,120
1,22,1,5,4,1039,35,114
1,22,1,4,5,1089,36,109
1,22,1,3,5,1179,38,130
1,22,1,2,5,1265,40,161
1,22,1,1,4,1324,37,142
35,22,1,28,2,822,38,64
35,22,1,27,2,823,38,64
35,22,1,26,2,842,40,63
35,22,1,25,2,816,40,59
35,22,1,24,2,869,40,59
35,22,1,23,2,914,40,61
35,22,1,22,2,947,40,60
35,22,1,21,2,974,41,61
35,22,1,20,3,1203,49,81
35,22,1,19,3,1211,50,79
35,22,1,18,3,1170,48,78
35,22,1,17,3,1163,48,75
35,22,1,16,3,1147,47,79
35,22,1,15,3,1183,48,95
35,22,1,14,3,1250,49,94
35,22,1,13,3,1280,49,95
35,22,1,12,1,293,9,40
35,22,1,11,2,307,9,23
35,22,1,10,2,299,9,67
35,22,1,9,2,319,10,65
35,22,1,8,2,342,11,26
35,22,1,7,2,322,11,17
35,22,1,6,4,407,14,28
35,22,1,5,4,420,15,31
35,22,1,4,4,356,13,32
35,22,1,3,3,444,15,69
35,22,1,2,3,466,15,60
35,22,1,1,3,471,14,59
54,22,1,28,0,0,0,0
54,22,1,27,0,0,0,0
54,22,1,26,0,0,0,0
54,22,1,25,0,0,0,0
54,22,1,24,1,572,24,43
54,22,1,23,1,593,24,44
54,22,1,22,1,605,25,44
54,22,1,21,1,645,28,46
54,22,1,20,1,664,29,46
54,22,1,19,1,657,30,45
54,22,1,18,1,660,29,47
54,22,1,17,1,668,28,46
54,22,1,16,1,699,31,46
54,22,1,15,1,708,30,51
54,22,1,14,1,765,30,47
54,22,1,13,1,716,29,50
54,22,1,12,0,0,0,0
54,22,1,11,1,50,2,18
54,22,1,10,1,25,1,12
54,22,1,9,0,0,0,0
54,22,1,8,0,0,0,0
54,22,1,7,0,0,0,0
54,22,1,6,0,0,0,0
54,22,1,5,0,0,0,0
54,22,1,4,0,0,0,0
54,22,1,3,0,0,0,0
54,22,1,2,0,0,0,0
54,22,1,1,0,0,0,0
60,22,1,28,2,677,33,67
60,22,1,27,2,680,33,67
60,22,1,26,2,643,31,66
60,22,1,25,2,638,30,62
60,22,1,24,2,637,29,64
60,22,1,23,2,646,29,63
60,22,1,22,2,672,28,66
60,22,1,21,2,711,29,63
60,22,1,20,2,713,28,62
60,22,1,19,2,725,30,65
60,22,1,18,2,775,32,69
60,22,1,17,2,797,33,69
60,22,1,16,2,824,33,70
60,22,1,15,2,893,35,75
60,22,1,14,2,943,36,79
60,22,1,13,2,965,37,77
60,22,1,12,1,765,28,67
60,22,1,11,2,787,28,69
60,22,1,10,2,831,28,73
60,22,1,9,2,900,28,74
60,22,1,8,2,887,28,74
60,22,1,7,2,810,26,70
60,22,1,6,2,782,26,72
60,22,1,5,2,746,25,65
60,22,1,4,2,748,25,68
60,22,1,3,2,834,27,70
60,22,1,2,2,883,28,103
60,22,1,1,2,879,28,104
5,22,1,28,0,0,0,0
5,22,1,27,0,0,0,0
5,22,1,26,0,0,0,0
5,22,1,25,0,0,0,0
5,22,1,24,0,0,0,0
5,22,1,23,0,0,0,0
5,22,1,22,0,0,0,0
5,22,1,21,0,0,0,0
5,22,1,20,0,0,0,0
5,22,1,19,0,0,0,0
5,22,1,18,0,0,0,0
5,22,1,17,1,168,10,13
5,22,1,16,1,214,10,13
5,22,1,15,1,249,10,13
5,22,1,14,1,259,11,19
5,22,1,13,1,278,12,16
5,22,1,12,0,0,0,0
5,22,1,11,0,0,0,0
5,22,1,10,0,0,0,0
5,22,1,9,0,0,0,0
5,22,1,8,0,0,0,0
5,22,1,7,0,0,0,0
5,22,1,6,0,0,0,0
5,22,1,5,0,0,0,0
5,22,1,4,0,0,0,0
5,22,1,3,0,0,0,0
5,22,1,2,0,0,0,0
5,22,1,1,0,0,0,0
13,22,1,28,0,0,0,0
13,22,1,27,0,0,0,0
13,22,1,26,0,0,0,0
13,22,1,25,0,0,0,0
13,22,1,24,0,0,0,0
13,22,1,23,0,0,0,0
13,22,1,22,0,0,0,0
13,22,1,21,0,0,0,0
13,22,1,20,0,0,0,0
13,22,1,19,0,0,0,0
13,22,1,18,0,0,0,0
13,22,1,17,0,0,0,0
13,22,1,16,0,0,0,0
13,22,1,15,0,0,0,0
13,22,1,14,0,0,0,0
13,22,1,13,0,0,0,0
13,22,1,12,0,0,0,0
13,22,1,11,0,0,0,0
13,22,1,10,0,0,0,0
13,22,1,9,0,0,0,0
13,22,1,8,1,108,4,8
13,22,1,7,1,114,4,8
13,22,1,6,1,108,4,8
13,22,1,5,1,99,4,10
13,22,1,4,1,102,4,9
13,22,1,3,1,104,4,11
13,22,1,2,1,120,4,12
13,22,1,1,0,0,0,0
1,22,3,28,1,105,11,20
1,22,3,27,1,109,12,19
1,22,3,26,1,108,13,21
1,22,3,25,1,101,10,15
1,22,3,24,1,94,10,16
1,22,3,23,1,91,10,15
1,22,3,22,1,91,11,12
1,22,3,21,1,109,10,14
1,22,3,20,2,135,11,15
1,22,3,19,1,87,8,15
1,22,3,18,2,114,9,20
1,22,3,17,2,160,10,18
1,22,3,16,2,190,12,24
1,22,3,15,2,235,14,37
1,22,3,14,2,288,17,35
1,22,3,13,2,318,17,39
1,22,3,12,0,0,0,0
1,22,3,11,0,0,0,0
1,22,3,10,0,0,0,0
1,22,3,9,0,0,0,0
1,22,3,8,0,0,0,0
1,22,3,7,0,0,0,0
1,22,3,6,0,0,0,0
1,22,3,5,0,0,0,0
1,22,3,4,0,0,0,0
1,22,3,3,0,0,0,0
1,22,3,2,0,0,0,0
1,22,3,1,0,0,0,0
35,22,3,28,1,382,19,32
35,22,3,27,1,392,17,35
35,22,3,26,1,390,19,33
35,22,3,25,1,412,19,39
35,22,3,24,1,396,18,34
35,22,3,23,1,390,16,31
35,22,3,22,1,402,17,33
35,22,3,21,3,413,18,56
35,22,3,20,2,255,12,39
35,22,3,19,2,334,15,44
35,22,3,18,2,395,18,47
35,22,3,17,2,489,24,54
35,22,3,16,2,593,30,69
35,22,3,15,2,631,29,77
35,22,3,14,2,662,26,88
35,22,3,13,2,671,25,80
35,22,3,12,1,58,2,24
35,22,3,11,1,34,1,0
35,22,3,10,0,0,0,0
35,22,3,9,0,0,0,0
35,22,3,8,0,0,0,0
35,22,3,7,0,0,0,0
35,22,3,6,0,0,0,0
35,22,3,5,0,0,0,0
35,22,3,4,0,0,0,0
35,22,3,3,0,0,0,0
35,22,3,2,0,0,0,0
35,22,3,1,0,0,0,0
1,23,1,28,0,0,0,0
1,23,1,27,0,0,0,0
1,23,1,26,0,0,0,0
1,23,1,25,0,0,0,0
1,23,1,24,0,0,0,0
1,23,1,23,0,0,0,0
1,23,1,22,0,0,0,0
1,23,1,21,0,0,0,0
1,23,1,20,0,0,0,0
1,23,1,19,0,0,0,0
1,23,1,18,0,0,0,0
1,23,1,17,0,0,0,0
1,23,1,16,0,0,0,0
1,23,1,15,0,0,0,0
1,23,1,14,0,0,0,0
1,23,1,13,0,0,0,0
1,23,1,12,0,0,0,0
1,23,1,11,0,0,0,0
1,23,1,10,0,0,0,0
1,23,1,9,0,0,0,0
1,23,1,8,1,275,12,20
1,23,1,7,1,299,13,20
1,23,1,6,2,836,36,65
1,23,1,5,2,866,37,53
1,23,1,4,2,877,37,57
1,23,1,3,2,1047,42,122
1,23,1,2,2,1111,38,138
1,23,1,1,2,1211,44,71
5,23,1,28,0,0,0,0
5,23,1,27,0,0,0,0
5,23,1,26,0,0,0,0
5,23,1,25,0,0,0,0
5,23,1,24,0,0,0,0
5,23,1,23,0,0,0,0
5,23,1,22,0,0,0,0
5,23,1,21,0,0,0,0
5,23,1,20,0,0,0,0
5,23,1,19,0,0,0,0
5,23,1,18,0,0,0,0
5,23,1,17,0,0,0,0
5,23,1,16,0,0,0,0
5,23,1,15,0,0,0,0
5,23,1,14,0,0,0,0
5,23,1,13,0,0,0,0
5,23,1,12,1,325,13,15
5,23,1,11,2,370,15,23
5,23,1,10,2,361,14,24
5,23,1,9,2,377,14,22
5,23,1,8,2,391,14,27
5,23,1,7,2,412,16,28
5,23,1,6,2,402,16,25
5,23,1,5,2,472,19,29
5,23,1,4,2,486,20,28
5,23,1,3,2,560,23,50
5,23,1,2,1,524,20,49
5,23,1,1,1,552,21,24
13,23,1,28,0,0,0,0
13,23,1,27,0,0,0,0
13,23,1,26,0,0,0,0
13,23,1,25,0,0,0,0
13,23,1,24,0,0,0,0
13,23,1,23,0,0,0,0
13,23,1,22,0,0,0,0
13,23,1,21,0,0,0,0
13,23,1,20,0,0,0,0
13,23,1,19,0,0,0,0
13,23,1,18,0,0,0,0
13,23,1,17,0,0,0,0
13,23,1,16,0,0,0,0
13,23,1,15,0,0,0,0
13,23,1,14,0,0,0,0
13,23,1,13,0,0,0,0
13,23,1,12,0,0,0,0
13,23,1,11,0,0,0,0
13,23,1,10,0,0,0,0
13,23,1,9,0,0,0,0
13,23,1,8,1,177,8,11
13,23,1,7,1,163,7,11
13,23,1,6,2,145,6,13
13,23,1,5,2,165,7,15
13,23,1,4,1,173,7,15
13,23,1,3,1,228,9,28
13,23,1,2,1,272,11,15
13,23,1,1,1,294,12,19
35,23,1,28,0,0,0,0
35,23,1,27,0,0,0,0
35,23,1,26,0,0,0,0
35,23,1,25,0,0,0,0
35,23,1,24,0,0,0,0
35,23,1,23,0,0,0,0
35,23,1,22,0,0,0,0
35,23,1,21,0,0,0,0
35,23,1,20,0,0,0,0
35,23,1,19,0,0,0,0
35,23,1,18,0,0,0,0
35,23,1,17,0,0,0,0
35,23,1,16,0,0,0,0
35,23,1,15,0,0,0,0
35,23,1,14,0,0,0,0
35,23,1,13,0,0,0,0
35,23,1,12,1,511,22,22
35,23,1,11,1,483,21,25
35,23,1,10,1,519,22,31
35,23,1,9,1,514,21,25
35,23,1,8,2,1173,45,74
35,23,1,7,2,1090,44,56
35,23,1,6,3,1239,52,68
35,23,1,5,3,1248,53,61
35,23,1,4,3,1204,50,65
35,23,1,3,3,1557,59,78
35,23,1,2,3,1703,58,82
35,23,1,1,3,1809,63,85
54,23,1,28,0,0,0,0
54,23,1,27,0,0,0,0
54,23,1,26,0,0,0,0
54,23,1,25,0,0,0,0
54,23,1,24,0,0,0,0
54,23,1,23,0,0,0,0
54,23,1,22,0,0,0,0
54,23,1,21,0,0,0,0
54,23,1,20,0,0,0,0
54,23,1,19,0,0,0,0
54,23,1,18,0,0,0,0
54,23,1,17,0,0,0,0
54,23,1,16,0,0,0,0
54,23,1,15,0,0,0,0
54,23,1,14,0,0,0,0
54,23,1,13,0,0,0,0
54,23,1,12,0,0,0,0
54,23,1,11,1,633,26,43
54,23,1,10,1,634,26,44
54,23,1,9,1,621,26,41
54,23,1,8,1,496,21,31
54,23,1,7,1,466,20,31
54,23,1,6,1,394,17,28
54,23,1,5,1,331,15,27
54,23,1,4,1,331,17,30
54,23,1,3,1,451,22,75
54,23,1,2,1,497,19,76
54,23,1,1,1,564,25,41
60,23,1,28,0,0,0,0
60,23,1,27,0,0,0,0
60,23,1,26,0,0,0,0
60,23,1,25,0,0,0,0
60,23,1,24,0,0,0,0
60,23,1,23,0,0,0,0
60,23,1,22,0,0,0,0
60,23,1,21,0,0,0,0
60,23,1,20,0,0,0,0
60,23,1,19,0,0,0,0
60,23,1,18,0,0,0,0
60,23,1,17,0,0,0,0
60,23,1,16,0,0,0,0
60,23,1,15,0,0,0,0
60,23,1,14,0,0,0,0
60,23,1,13,0,0,0,0
60,23,1,12,1,218,10,10
60,23,1,11,1,222,11,14
60,23,1,10,1,192,8,11
60,23,1,9,1,206,8,11
60,23,1,8,1,194,7,14
60,23,1,7,1,186,7,14
60,23,1,6,1,141,5,14
60,23,1,5,1,116,5,12
60,23,1,4,1,121,5,8
60,23,1,3,1,158,7,26
60,23,1,2,1,176,7,24
60,23,1,1,1,185,7,14
1,23,3,28,0,0,0,0
1,23,3,27,0,0,0,0
1,23,3,26,0,0,0,0
1,23,3,25,0,0,0,0
1,23,3,24,0,0,0,0
1,23,3,23,0,0,0,0
1,23,3,22,0,0,0,0
1,23,3,21,0,0,0,0
1,23,3,20,0,0,0,0
1,23,3,19,0,0,0,0
1,23,3,18,0,0,0,0
1,23,3,17,0,0,0,0
1,23,3,16,0,0,0,0
1,23,3,15,0,0,0,0
1,23,3,14,0,0,0,0
1,23,3,13,0,0,0,0
1,23,3,12,1,216,11,18
1,23,3,11,1,198,11,16
1,23,3,10,1,152,10,11
1,23,3,9,1,145,8,18
1,23,3,8,1,146,7,11
1,23,3,7,1,142,7,11
1,23,3,6,1,169,8,11
1,23,3,5,1,127,7,11
1,23,3,4,1,129,7,9
1,23,3,3,1,120,6,6
1,23,3,2,1,96,4,20
1,23,3,1,1,65,4,8
35,23,3,28,0,0,0,0
35,23,3,27,0,0,0,0
35,23,3,26,0,0,0,0
35,23,3,25,0,0,0,0
35,23,3,24,0,0,0,0
35,23,3,23,0,0,0,0
35,23,3,22,0,0,0,0
35,23,3,21,0,0,0,0
35,23,3,20,0,0,0,0
35,23,3,19,0,0,0,0
35,23,3,18,0,0,0,0
35,23,3,17,0,0,0,0
35,23,3,16,0,0,0,0
35,23,3,15,0,0,0,0
35,23,3,14,0,0,0,0
35,23,3,13,0,0,0,0
35,23,3,12,1,625,24,44
35,23,3,11,1,667,25,25
35,23,3,10,1,717,26,23
35,23,3,9,1,694,25,47
35,23,3,8,0,0,0,0
35,23,3,7,0,0,0,0
35,23,3,6,0,0,0,0
35,23,3,5,0,0,0,0
35,23,3,4,0,0,0,0
35,23,3,3,0,0,0,0
35,23,3,2,0,0,0,0
35,23,3,1,0,0,0,0
1,31,1,28,0,0,0,0
1,31,1,27,0,0,0,0
1,31,1,26,0,0,0,0
1,31,1,25,0,0,0,0
1,31,1,24,0,0,0,0
1,31,1,23,0,0,0,0
1,31,1,22,0,0,0,0
1,31,1,21,0,0,0,0
1,31,1,20,0,0,0,0
1,31,1,19,0,0,0,0
1,31,1,18,0,0,0,0
1,31,1,17,0,0,0,0
1,31,1,16,0,0,0,0
1,31,1,15,0,0,0,0
1,31,1,14,0,0,0,0
1,31,1,13,0,0,0,0
1,31,1,12,2,1423,56,90
1,31,1,11,2,1513,60,91
1,31,1,10,2,1543,58,90
1,31,1,9,2,1560,56,89
1,31,1,8,1,923,31,48
1,31,1,7,1,820,29,46
1,31,1,6,0,0,0,0
1,31,1,5,0,0,0,0
1,31,1,4,0,0,0,0
1,31,1,3,0,0,0,0
1,31,1,2,0,0,0,0
1,31,1,1,0,0,0,0
35,31,1,28,0,0,0,0
35,31,1,27,0,0,0,0
35,31,1,26,0,0,0,0
35,31,1,25,0,0,0,0
35,31,1,24,0,0,0,0
35,31,1,23,0,0,0,0
35,31,1,22,0,0,0,0
35,31,1,21,0,0,0,0
35,31,1,20,0,0,0,0
35,31,1,19,0,0,0,0
35,31,1,18,0,0,0,0
35,31,1,17,0,0,0,0
35,31,1,16,0,0,0,0
35,31,1,15,0,0,0,0
35,31,1,14,0,0,0,0
35,31,1,13,0,0,0,0
35,31,1,12,1,396,15,29
35,31,1,11,1,406,15,25
35,31,1,10,1,348,13,21
35,31,1,9,1,313,14,21
35,31,1,8,1,310,13,21
35,31,1,7,1,281,12,19
35,31,1,6,0,0,0,0
35,31,1,5,0,0,0,0
35,31,1,4,0,0,0,0
35,31,1,3,0,0,0,0
35,31,1,2,0,0,0,0
35,31,1,1,0,0,0,0
54,31,1,28,0,0,0,0
54,31,1,27,0,0,0,0
54,31,1,26,0,0,0,0
54,31,1,25,0,0,0,0
54,31,1,24,0,0,0,0
54,31,1,23,0,0,0,0
54,31,1,22,0,0,0,0
54,31,1,21,0,0,0,0
54,31,1,20,0,0,0,0
54,31,1,19,0,0,0,0
54,31,1,18,0,0,0,0
54,31,1,17,0,0,0,0
54,31,1,16,0,0,0,0
54,31,1,15,0,0,0,0
54,31,1,14,0,0,0,0
54,31,1,13,0,0,0,0
54,31,1,12,1,754,30,47
54,31,1,11,0,0,0,0
54,31,1,10,0,0,0,0
54,31,1,9,0,0,0,0
54,31,1,8,0,0,0,0
54,31,1,7,0,0,0,0
54,31,1,6,0,0,0,0
54,31,1,5,0,0,0,0
54,31,1,4,0,0,0,0
54,31,1,3,0,0,0,0
54,31,1,2,0,0,0,0
54,31,1,1,0,0,0,0
1,31,3,28,0,0,0,0
1,31,3,27,0,0,0,0
1,31,3,26,0,0,0,0
1,31,3,25,0,0,0,0
1,31,3,24,0,0,0,0
1,31,3,23,0,0,0,0
1,31,3,22,0,0,0,0
1,31,3,21,0,0,0,0
1,31,3,20,0,0,0,0
1,31,3,19,0,0,0,0
1,31,3,18,0,0,0,0
1,31,3,17,0,0,0,0
1,31,3,16,0,0,0,0
1,31,3,15,0,0,0,0
1,31,3,14,0,0,0,0
1,31,3,13,0,0,0,0
1,31,3,12,1,100,8,9
1,31,3,11,1,69,5,41
1,31,3,10,1,48,4,18
1,31,3,9,1,14,2,5
1,31,3,8,0,0,0,0
1,31,3,7,0,0,0,0
1,31,3,6,0,0,0,0
1,31,3,5,0,0,0,0
1,31,3,4,0,0,0,0
1,31,3,3,0,0,0,0
1,31,3,2,0,0,0,0
1,31,3,1,0,0,0,0
24,12,1,28,0,0,0,0
24,12,1,27,0,0,0,0
24,12,1,26,0,0,0,0
24,12,1,25,0,0,0,0
24,12,1,24,0,0,0,0
24,12,1,23,0,0,0,0
24,12,1,22,0,0,0,0
24,12,1,21,0,0,0,0
24,12,1,20,0,0,0,0
24,12,1,19,0,0,0,0
24,12,1,18,0,0,0,0
24,12,1,17,0,0,0,0
24,12,1,16,0,0,0,0
24,12,1,15,0,0,0,0
24,12,1,14,0,0,0,0
24,12,1,13,0,0,0,0
24,12,1,12,0,0,0,0
24,12,1,11,0,0,0,0
24,12,1,10,0,0,0,0
24,12,1,9,0,0,0,0
24,12,1,8,0,0,0,0
24,12,1,7,0,0,0,0
24,12,1,6,0,0,0,0
24,12,1,5,0,0,0,0
24,12,1,4,0,0,0,0
24,12,1,3,0,0,0,0
24,12,1,2,0,0,0,0
24,12,1,1,0,0,0,0
2,12,1,28,1,182,10,18
2,12,1,27,1,174,9,17
2,12,1,26,1,180,10,18
2,12,1,25,1,173,10,17
2,12,1,24,1,167,10,16
2,12,1,23,1,162,10,15
2,12,1,22,1,155,10,16
2,12,1,21,1,153,9,16
2,12,1,20,1,160,10,17
2,12,1,19,1,174,10,18
2,12,1,18,1,192,11,18
2,12,1,17,1,175,11,17
2,12,1,16,1,179,11,17
2,12,1,15,1,185,11,18
2,12,1,14,1,204,11,18
2,12,1,13,1,213,11,16
2,12,1,12,1,249,12,18
2,12,1,11,1,265,12,18
2,12,1,10,1,254,13,17
2,12,1,9,1,271,13,18
2,12,1,8,1,291,13,17
2,12,1,7,1,277,13,18
2,12,1,6,1,284,13,18
2,12,1,5,1,278,13,17
2,12,1,4,1,280,13,19
2,12,1,3,1,258,12,16
2,12,1,2,1,236,12,17
2,12,1,1,1,247,12,16
1,12,1,28,4,2019,88,135
1,12,1,27,4,2005,88,136
1,12,1,26,4,1962,89,135
1,12,1,25,4,1955,88,136
1,12,1,24,4,1968,89,139
1,12,1,23,4,1946,91,143
1,12,1,22,4,1946,91,139
1,12,1,21,4,1954,91,135
1,12,1,20,4,1917,92,134
1,12,1,19,4,1929,92,138
1,12,1,18,4,1933,92,134
1,12,1,17,4,1942,90,131
1,12,1,16,4,1969,90,132
1,12,1,15,4,1943,87,133
1,12,1,14,4,2001,87,132
1,12,1,13,4,2058,88,138
1,12,1,12,4,2165,88,132
1,12,1,11,4,2282,92,135
1,12,1,10,5,2406,104,156
1,12,1,9,5,2532,109,151
1,12,1,8,5,2652,115,179
1,12,1,7,5,2770,120,193
1,12,1,6,5,2874,121,184
1,12,1,5,5,2956,123,186
1,12,1,4,5,3080,127,196
1,12,1,3,5,2968,120,175
1,12,1,2,5,2971,121,172
1,12,1,1,5,2904,116,164
3,12,1,28,0,0,0,0
3,12,1,27,0,0,0,0
3,12,1,26,0,0,0,0
3,12,1,25,0,0,0,0
3,12,1,24,0,0,0,0
3,12,1,23,0,0,0,0
3,12,1,22,0,0,0,0
3,12,1,21,0,0,0,0
3,12,1,20,0,0,0,0
3,12,1,19,0,0,0,0
3,12,1,18,0,0,0,0
3,12,1,17,0,0,0,0
3,12,1,16,0,0,0,0
3,12,1,15,0,0,0,0
3,12,1,14,0,0,0,0
3,12,1,13,0,0,0,0
3,12,1,12,0,0,0,0
3,12,1,11,0,0,0,0
3,12,1,10,0,0,0,0
3,12,1,9,0,0,0,0
3,12,1,8,0,0,0,0
3,12,1,7,0,0,0,0
3,12,1,6,0,0,0,0
3,12,1,5,0,0,0,0
3,12,1,4,0,0,0,0
3,12,1,3,0,0,0,0
3,12,1,2,0,0,0,0
3,12,1,1,0,0,0,0
5,12,1,28,1,114,9,14
5,12,1,27,1,112,9,13
5,12,1,26,1,115,9,14
5,12,1,25,1,124,9,13
5,12,1,24,1,118,9,11
5,12,1,23,1,115,9,13
5,12,1,22,1,118,9,13
5,12,1,21,1,120,9,12
5,12,1,20,1,120,9,12
5,12,1,19,1,113,9,12
5,12,1,18,1,121,9,12
5,12,1,17,1,115,9,13
5,12,1,16,1,108,9,11
5,12,1,15,1,112,9,13
5,12,1,14,1,116,9,13
5,12,1,13,1,124,9,13
5,12,1,12,1,133,9,13
5,12,1,11,1,144,9,13
5,12,1,10,1,169,9,12
5,12,1,9,1,171,9,12
5,12,1,8,1,176,9,15
5,12,1,7,1,199,10,16
5,12,1,6,1,214,11,16
5,12,1,5,1,231,10,15
5,12,1,4,1,241,11,18
5,12,1,3,1,259,12,16
5,12,1,2,1,247,12,16
5,12,1,1,1,283,12,18
6,12,1,28,0,0,0,0
6,12,1,27,0,0,0,0
6,12,1,26,0,0,0,0
6,12,1,25,0,0,0,0
6,12,1,24,0,0,0,0
6,12,1,23,0,0,0,0
6,12,1,22,0,0,0,0
6,12,1,21,0,0,0,0
6,12,1,20,0,0,0,0
6,12,1,19,0,0,0,0
6,12,1,18,0,0,0,0
6,12,1,17,0,0,0,0
6,12,1,16,0,0,0,0
6,12,1,15,0,0,0,0
6,12,1,14,0,0,0,0
6,12,1,13,0,0,0,0
6,12,1,12,0,0,0,0
6,12,1,11,0,0,0,0
6,12,1,10,0,0,0,0
6,12,1,9,0,0,0,0
6,12,1,8,0,0,0,0
6,12,1,7,0,0,0,0
6,12,1,6,0,0,0,0
6,12,1,5,0,0,0,0
6,12,1,4,0,0,0,0
6,12,1,3,0,0,0,0
6,12,1,2,0,0,0,0
6,12,1,1,0,0,0,0
7,12,1,28,0,0,0,0
7,12,1,27,0,0,0,0
7,12,1,26,0,0,0,0
7,12,1,25,0,0,0,0
7,12,1,24,0,0,0,0
7,12,1,23,0,0,0,0
7,12,1,22,0,0,0,0
7,12,1,21,0,0,0,0
7,12,1,20,0,0,0,0
7,12,1,19,0,0,0,0
7,12,1,18,0,0,0,0
7,12,1,17,0,0,0,0
7,12,1,16,0,0,0,0
7,12,1,15,0,0,0,0
7,12,1,14,0,0,0,0
7,12,1,13,0,0,0,0
7,12,1,12,0,0,0,0
7,12,1,11,0,0,0,0
7,12,1,10,0,0,0,0
7,12,1,9,0,0,0,0
7,12,1,8,0,0,0,0
7,12,1,7,0,0,0,0
7,12,1,6,0,0,0,0
7,12,1,5,0,0,0,0
7,12,1,4,0,0,0,0
7,12,1,3,0,0,0,0
7,12,1,2,0,0,0,0
7,12,1,1,0,0,0,0
8,12,1,28,0,0,0,0
8,12,1,27,0,0,0,0
8,12,1,26,0,0,0,0
8,12,1,25,0,0,0,0
8,12,1,24,0,0,0,0
8,12,1,23,0,0,0,0
8,12,1,22,0,0,0,0
8,12,1,21,0,0,0,0
8,12,1,20,0,0,0,0
8,12,1,19,0,0,0,0
8,12,1,18,0,0,0,0
8,12,1,17,0,0,0,0
8,12,1,16,0,0,0,0
8,12,1,15,0,0,0,0
8,12,1,14,0,0,0,0
8,12,1,13,0,0,0,0
8,12,1,12,0,0,0,0
8,12,1,11,0,0,0,0
8,12,1,10,0,0,0,0
8,12,1,9,0,0,0,0
8,12,1,8,0,0,0,0
8,12,1,7,0,0,0,0
8,12,1,6,0,0,0,0
8,12,1,5,0,0,0,0
8,12,1,4,0,0,0,0
8,12,1,3,0,0,0,0
8,12,1,2,0,0,0,0
8,12,1,1,0,0,0,0
9,12,1,28,0,0,0,0
9,12,1,27,0,0,0,0
9,12,1,26,0,0,0,0
9,12,1,25,0,0,0,0
9,12,1,24,0,0,0,0
9,12,1,23,0,0,0,0
9,12,1,22,0,0,0,0
9,12,1,21,0,0,0,0
9,12,1,20,0,0,0,0
9,12,1,19,0,0,0,0
9,12,1,18,0,0,0,0
9,12,1,17,0,0,0,0
9,12,1,16,0,0,0,0
9,12,1,15,0,0,0,0
9,12,1,14,0,0,0,0
9,12,1,13,0,0,0,0
9,12,1,12,0,0,0,0
9,12,1,11,0,0,0,0
9,12,1,10,0,0,0,0
9,12,1,9,0,0,0,0
9,12,1,8,0,0,0,0
9,12,1,7,0,0,0,0
9,12,1,6,0,0,0,0
9,12,1,5,0,0,0,0
9,12,1,4,0,0,0,0
9,12,1,3,0,0,0,0
9,12,1,2,0,0,0,0
9,12,1,1,0,0,0,0
10,12,1,28,1,86,8,14
10,12,1,27,1,85,7,12
10,12,1,26,1,86,7,13
10,12,1,25,1,90,7,12
10,12,1,24,1,96,7,12
10,12,1,23,1,94,7,13
10,12,1,22,1,100,8,12
10,12,1,21,1,97,8,12
10,12,1,20,1,102,8,12
10,12,1,19,1,105,8,12
10,12,1,18,1,103,8,11
10,12,1,17,1,108,8,11
10,12,1,16,1,106,8,11
10,12,1,15,1,112,8,13
10,12,1,14,1,112,8,12
10,12,1,13,1,103,8,11
10,12,1,12,1,100,8,10
10,12,1,11,1,94,8,10
10,12,1,10,1,88,8,9
10,12,1,9,1,91,8,9
10,12,1,8,1,78,8,9
10,12,1,7,1,86,9,11
10,12,1,6,1,90,9,9
10,12,1,5,1,94,8,10
10,12,1,4,1,96,9,12
10,12,1,3,1,91,8,9
10,12,1,2,1,93,8,9
10,12,1,1,1,101,8,11
11,12,1,28,0,0,0,0
11,12,1,27,0,0,0,0
11,12,1,26,0,0,0,0
11,12,1,25,0,0,0,0
11,12,1,24,0,0,0,0
11,12,1,23,0,0,0,0
11,12,1,22,0,0,0,0
11,12,1,21,0,0,0,0
11,12,1,20,0,0,0,0
11,12,1,19,0,0,0,0
11,12,1,18,0,0,0,0
11,12,1,17,0,0,0,0
11,12,1,16,0,0,0,0
11,12,1,15,0,0,0,0
11,12,1,14,0,0,0,0
11,12,1,13,0,0,0,0
11,12,1,12,0,0,0,0
11,12,1,11,0,0,0,0
11,12,1,10,0,0,0,0
11,12,1,9,0,0,0,0
11,12,1,8,0,0,0,0
11,12,1,7,0,0,0,0
11,12,1,6,0,0,0,0
11,12,1,5,0,0,0,0
11,12,1,4,0,0,0,0
11,12,1,3,0,0,0,0
11,12,1,2,0,0,0,0
11,12,1,1,0,0,0,0
12,12,1,28,0,0,0,0
12,12,1,27,0,0,0,0
12,12,1,25,0,0,0,0
12,12,1,24,0,0,0,0
12,12,1,23,0,0,0,0
12,12,1,22,0,0,0,0
12,12,1,21,0,0,0,0
12,12,1,20,0,0,0,0
12,12,1,19,0,0,0,0
12,12,1,18,0,0,0,0
12,12,1,17,0,0,0,0
12,12,1,16,0,0,0,0
12,12,1,15,0,0,0,0
12,12,1,14,0,0,0,0
12,12,1,13,0,0,0,0
12,12,1,12,0,0,0,0
12,12,1,11,0,0,0,0
12,12,1,10,0,0,0,0
12,12,1,9,0,0,0,0
12,12,1,8,0,0,0,0
12,12,1,7,0,0,0,0
12,12,1,6,0,0,0,0
12,12,1,5,0,0,0,0
12,12,1,4,0,0,0,0
12,12,1,3,0,0,0,0
12,12,1,2,0,0,0,0
12,12,1,1,0,0,0,0
13,12,1,28,1,192,9,15
13,12,1,27,1,184,9,15
13,12,1,26,1,176,9,15
13,12,1,25,1,165,9,14
13,12,1,24,1,172,10,16
13,12,1,23,1,159,9,18
13,12,1,22,1,161,9,18
13,12,1,21,1,164,9,13
13,12,1,20,1,162,9,13
13,12,1,19,1,154,9,13
13,12,1,18,1,167,9,13
13,12,1,17,1,181,9,14
13,12,1,16,1,191,9,14
13,12,1,15,1,192,9,14
13,12,1,14,1,209,9,15
13,12,1,13,1,203,9,13
13,12,1,12,1,204,9,14
13,12,1,11,1,203,9,13
13,12,1,10,1,205,9,13
13,12,1,9,1,204,9,11
13,12,1,8,1,223,9,13
13,12,1,7,1,220,9,13
13,12,1,6,1,226,10,14
13,12,1,5,1,212,9,12
13,12,1,4,1,232,10,15
13,12,1,3,1,220,11,14
13,12,1,2,1,223,11,16
13,12,1,1,1,210,10,14
14,12,1,28,0,0,0,0
14,12,1,27,0,0,0,0
14,12,1,26,0,0,0,0
14,12,1,25,0,0,0,0
14,12,1,24,0,0,0,0
14,12,1,23,0,0,0,0
14,12,1,22,0,0,0,0
14,12,1,21,0,0,0,0
14,12,1,20,0,0,0,0
14,12,1,19,0,0,0,0
14,12,1,18,0,0,0,0
14,12,1,17,0,0,0,0
14,12,1,16,0,0,0,0
14,12,1,15,0,0,0,0
14,12,1,14,0,0,0,0
14,12,1,13,0,0,0,0
14,12,1,12,0,0,0,0
14,12,1,11,0,0,0,0
14,12,1,10,0,0,0,0
14,12,1,9,0,0,0,0
14,12,1,8,0,0,0,0
14,12,1,7,0,0,0,0
14,12,1,6,0,0,0,0
14,12,1,5,0,0,0,0
14,12,1,4,0,0,0,0
14,12,1,3,0,0,0,0
14,12,1,2,0,0,0,0
14,12,1,1,0,0,0,0
15,12,1,28,0,0,0,0
15,12,1,27,0,0,0,0
15,12,1,26,0,0,0,0
15,12,1,25,0,0,0,0
15,12,1,24,0,0,0,0
15,12,1,23,0,0,0,0
15,12,1,22,0,0,0,0
15,12,1,21,0,0,0,0
15,12,1,20,0,0,0,0
15,12,1,19,0,0,0,0
15,12,1,18,0,0,0,0
15,12,1,17,0,0,0,0
15,12,1,16,0,0,0,0
15,12,1,15,0,0,0,0
15,12,1,14,0,0,0,0
15,12,1,13,0,0,0,0
15,12,1,12,0,0,0,0
15,12,1,11,0,0,0,0
15,12,1,10,0,0,0,0
15,12,1,9,0,0,0,0
15,12,1,8,0,0,0,0
15,12,1,7,0,0,0,0
15,12,1,6,0,0,0,0
15,12,1,5,0,0,0,0
15,12,1,4,0,0,0,0
15,12,1,3,0,0,0,0
15,12,1,2,0,0,0,0
15,12,1,1,0,0,0,0
16,12,1,28,0,0,0,0
16,12,1,27,0,0,0,0
16,12,1,26,0,0,0,0
16,12,1,25,0,0,0,0
16,12,1,24,0,0,0,0
16,12,1,23,0,0,0,0
16,12,1,22,0,0,0,0
16,12,1,21,0,0,0,0
16,12,1,20,0,0,0,0
16,12,1,19,0,0,0,0
16,12,1,18,0,0,0,0
16,12,1,17,0,0,0,0
16,12,1,16,0,0,0,0
16,12,1,15,0,0,0,0
16,12,1,14,0,0,0,0
16,12,1,13,0,0,0,0
16,12,1,12,0,0,0,0
16,12,1,11,0,0,0,0
16,12,1,10,0,0,0,0
16,12,1,9,0,0,0,0
16,12,1,8,0,0,0,0
16,12,1,7,0,0,0,0
16,12,1,6,0,0,0,0
16,12,1,5,0,0,0,0
16,12,1,4,0,0,0,0
16,12,1,3,0,0,0,0
16,12,1,2,0,0,0,0
16,12,1,1,0,0,0,0
17,12,1,28,0,0,0,0
17,12,1,27,0,0,0,0
17,12,1,26,0,0,0,0
17,12,1,25,0,0,0,0
17,12,1,24,0,0,0,0
17,12,1,23,0,0,0,0
17,12,1,22,0,0,0,0
17,12,1,21,0,0,0,0
17,12,1,20,0,0,0,0
17,12,1,19,0,0,0,0
17,12,1,18,0,0,0,0
17,12,1,17,0,0,0,0
17,12,1,16,0,0,0,0
17,12,1,15,0,0,0,0
17,12,1,14,0,0,0,0
17,12,1,13,0,0,0,0
17,12,1,12,0,0,0,0
17,12,1,11,0,0,0,0
17,12,1,10,0,0,0,0
17,12,1,9,0,0,0,0
17,12,1,8,0,0,0,0
17,12,1,7,0,0,0,0
17,12,1,6,0,0,0,0
17,12,1,5,0,0,0,0
17,12,1,4,0,0,0,0
17,12,1,3,0,0,0,0
17,12,1,2,0,0,0,0
17,12,1,1,0,0,0,0
18,12,1,28,0,0,0,0
18,12,1,27,0,0,0,0
18,12,1,26,0,0,0,0
18,12,1,25,0,0,0,0
18,12,1,24,0,0,0,0
18,12,1,23,0,0,0,0
18,12,1,22,0,0,0,0
18,12,1,21,0,0,0,0
18,12,1,20,0,0,0,0
18,12,1,19,0,0,0,0
18,12,1,18,0,0,0,0
18,12,1,17,0,0,0,0
18,12,1,16,0,0,0,0
18,12,1,15,0,0,0,0
18,12,1,14,0,0,0,0
18,12,1,13,0,0,0,0
18,12,1,12,0,0,0,0
18,12,1,11,0,0,0,0
18,12,1,10,0,0,0,0
18,12,1,9,0,0,0,0
18,12,1,8,0,0,0,0
18,12,1,7,0,0,0,0
18,12,1,6,0,0,0,0
18,12,1,5,0,0,0,0
18,12,1,4,0,0,0,0
18,12,1,3,0,0,0,0
18,12,1,2,0,0,0,0
18,12,1,1,0,0,0,0
19,12,1,28,0,0,0,0
19,12,1,27,0,0,0,0
19,12,1,26,0,0,0,0
19,12,1,25,0,0,0,0
19,12,1,24,0,0,0,0
19,12,1,23,0,0,0,0
19,12,1,22,0,0,0,0
19,12,1,21,0,0,0,0
19,12,1,20,0,0,0,0
19,12,1,19,0,0,0,0
19,12,1,18,0,0,0,0
19,12,1,17,0,0,0,0
19,12,1,16,0,0,0,0
19,12,1,15,0,0,0,0
19,12,1,14,0,0,0,0
19,12,1,13,0,0,0,0
19,12,1,12,0,0,0,0
19,12,1,11,0,0,0,0
19,12,1,10,0,0,0,0
19,12,1,9,0,0,0,0
19,12,1,8,0,0,0,0
19,12,1,7,0,0,0,0
19,12,1,6,0,0,0,0
19,12,1,5,0,0,0,0
19,12,1,4,0,0,0,0
19,12,1,3,0,0,0,0
19,12,1,2,0,0,0,0
19,12,1,1,0,0,0,0
4,12,1,28,1,206,9,17
4,12,1,27,1,194,10,17
4,12,1,26,1,183,10,17
4,12,1,25,1,188,10,16
4,12,1,24,1,175,10,16
4,12,1,23,1,164,9,14
4,12,1,22,1,171,9,14
4,12,1,21,1,172,9,15
4,12,1,20,1,186,10,16
4,12,1,19,1,203,11,17
4,12,1,18,1,208,11,17
4,12,1,17,1,223,12,18
4,12,1,16,1,249,13,19
4,12,1,15,1,261,13,19
4,12,1,14,1,266,13,19
4,12,1,13,1,296,13,20
4,12,1,12,1,307,14,20
4,12,1,11,1,320,14,20
4,12,1,10,1,310,13,20
4,12,1,9,1,332,14,18
4,12,1,8,1,343,14,21
4,12,1,7,1,327,13,18
4,12,1,6,1,339,15,21
4,12,1,5,1,341,15,22
4,12,1,4,1,322,15,21
4,12,1,3,1,286,13,17
4,12,1,2,1,276,13,17
4,12,1,1,1,273,11,15
20,12,1,28,0,0,0,0
20,12,1,27,0,0,0,0
20,12,1,26,0,0,0,0
20,12,1,25,0,0,0,0
20,12,1,24,0,0,0,0
20,12,1,23,0,0,0,0
20,12,1,22,0,0,0,0
20,12,1,21,0,0,0,0
20,12,1,20,0,0,0,0
20,12,1,19,0,0,0,0
20,12,1,18,0,0,0,0
20,12,1,17,0,0,0,0
20,12,1,16,0,0,0,0
20,12,1,15,0,0,0,0
20,12,1,14,0,0,0,0
20,12,1,13,0,0,0,0
20,12,1,12,0,0,0,0
20,12,1,11,0,0,0,0
20,12,1,10,0,0,0,0
20,12,1,9,0,0,0,0
20,12,1,8,0,0,0,0
20,12,1,7,0,0,0,0
20,12,1,6,0,0,0,0
20,12,1,5,0,0,0,0
20,12,1,4,0,0,0,0
20,12,1,3,0,0,0,0
20,12,1,2,0,0,0,0
20,12,1,1,0,0,0,0
21,12,1,28,0,0,0,0
21,12,1,27,0,0,0,0
21,12,1,26,0,0,0,0
21,12,1,25,0,0,0,0
21,12,1,24,0,0,0,0
21,12,1,23,0,0,0,0
21,12,1,22,0,0,0,0
21,12,1,21,0,0,0,0
21,12,1,20,0,0,0,0
21,12,1,19,0,0,0,0
21,12,1,18,0,0,0,0
21,12,1,17,0,0,0,0
21,12,1,16,0,0,0,0
21,12,1,15,0,0,0,0
21,12,1,14,0,0,0,0
21,12,1,13,0,0,0,0
21,12,1,12,0,0,0,0
21,12,1,11,0,0,0,0
21,12,1,10,0,0,0,0
21,12,1,9,0,0,0,0
21,12,1,8,0,0,0,0
21,12,1,7,0,0,0,0
21,12,1,6,0,0,0,0
21,12,1,5,0,0,0,0
21,12,1,4,0,0,0,0
21,12,1,3,0,0,0,0
21,12,1,2,0,0,0,0
21,12,1,1,0,0,0,0
23,12,1,28,1,153,9,15
23,12,1,27,1,153,9,16
23,12,1,26,1,140,9,16
23,12,1,25,1,143,9,13
23,12,1,24,1,135,9,13
23,12,1,23,1,139,9,14
23,12,1,22,1,137,9,13
23,12,1,21,1,135,9,16
23,12,1,20,1,138,9,19
23,12,1,19,1,140,9,14
23,12,1,18,1,149,9,14
23,12,1,17,1,149,9,13
23,12,1,16,1,149,9,14
23,12,1,15,1,159,9,16
23,12,1,14,1,171,9,14
23,12,1,13,1,182,9,14
23,12,1,12,1,203,9,15
23,12,1,11,1,212,9,16
23,12,1,10,1,223,10,16
23,12,1,9,1,229,10,15
23,12,1,8,1,244,12,17
23,12,1,7,1,269,13,18
23,12,1,6,1,287,13,18
23,12,1,5,1,279,13,18
23,12,1,4,1,279,12,17
23,12,1,3,1,248,12,15
23,12,1,2,1,245,11,13
23,12,1,1,1,228,11,14
22,12,1,28,1,196,9,15
22,12,1,27,1,198,10,17
22,12,1,26,1,207,11,19
22,12,1,25,1,210,11,18
22,12,1,24,1,220,11,19
22,12,1,23,1,210,10,17
22,12,1,22,1,213,11,18
22,12,1,21,1,230,12,20
22,12,1,20,1,236,13,20
22,12,1,19,1,238,13,20
22,12,1,18,1,255,14,21
22,12,1,17,1,262,14,21
22,12,1,16,1,274,15,22
22,12,1,15,1,286,15,22
22,12,1,14,1,298,17,23
22,12,1,13,1,324,18,24
22,12,1,12,1,324,14,21
22,12,1,11,1,362,15,21
22,12,1,10,1,374,18,24
22,12,1,9,1,384,18,24
22,12,1,8,1,373,18,24
22,12,1,7,1,382,18,24
22,12,1,6,1,381,18,23
22,12,1,5,1,395,18,23
22,12,1,4,1,389,18,24
22,12,1,3,1,373,17,22
22,12,1,2,1,346,17,23
22,12,1,1,1,341,16,21
25,12,1,28,1,142,9,14
25,12,1,27,1,137,9,14
25,12,1,26,1,141,9,14
25,12,1,25,1,139,9,14
25,12,1,24,1,144,9,14
25,12,1,23,1,151,9,14
25,12,1,22,1,158,9,14
25,12,1,21,1,163,9,13
25,12,1,20,1,172,9,14
25,12,1,19,1,179,9,14
25,12,1,18,1,175,9,14
25,12,1,17,1,186,9,13
25,12,1,16,1,190,9,13
25,12,1,15,1,182,9,13
25,12,1,14,1,186,9,13
25,12,1,13,1,191,9,13
25,12,1,12,1,201,9,13
25,12,1,11,1,206,9,13
25,12,1,10,1,211,9,14
25,12,1,9,1,210,9,13
25,12,1,8,1,208,9,14
25,12,1,7,1,221,10,14
25,12,1,6,1,220,10,14
25,12,1,5,1,221,10,14
25,12,1,4,0,0,0,0
25,12,1,3,0,0,0,0
25,12,1,2,0,0,0,0
25,12,1,1,0,0,0,0
26,12,1,28,1,168,10,14
26,12,1,27,1,155,10,14
26,12,1,26,1,146,10,15
26,12,1,25,1,132,9,13
26,12,1,24,1,130,9,13
26,12,1,23,1,124,9,13
26,12,1,22,1,127,9,13
26,12,1,21,1,132,9,13
26,12,1,20,0,0,0,0
26,12,1,19,0,0,0,0
26,12,1,18,0,0,0,0
26,12,1,17,0,0,0,0
26,12,1,16,0,0,0,0
26,12,1,15,0,0,0,0
26,12,1,14,0,0,0,0
26,12,1,13,0,0,0,0
26,12,1,12,0,0,0,0
26,12,1,11,0,0,0,0
26,12,1,10,0,0,0,0
26,12,1,9,0,0,0,0
26,12,1,8,0,0,0,0
26,12,1,7,0,0,0,0
26,12,1,6,0,0,0,0
26,12,1,5,0,0,0,0
26,12,1,4,0,0,0,0
26,12,1,3,0,0,0,0
26,12,1,2,0,0,0,0
26,12,1,1,0,0,0,0
27,12,1,28,1,255,12,22
27,12,1,27,1,240,11,19
27,12,1,26,1,231,12,19
27,12,1,25,1,222,12,19
27,12,1,24,1,212,12,19
27,12,1,23,1,201,12,19
27,12,1,22,1,190,11,18
27,12,1,21,1,173,10,17
27,12,1,20,1,166,9,16
27,12,1,19,1,164,9,16
27,12,1,18,1,162,9,17
27,12,1,17,1,161,9,17
27,12,1,16,1,154,9,16
27,12,1,15,1,164,9,15
27,12,1,14,1,163,9,14
27,12,1,13,1,172,9,14
27,12,1,12,1,177,9,14
27,12,1,11,1,177,9,14
27,12,1,10,1,191,9,13
27,12,1,9,1,207,9,13
27,12,1,8,1,206,9,14
27,12,1,7,1,218,9,13
27,12,1,6,1,216,9,13
27,12,1,5,1,230,9,13
27,12,1,4,1,240,9,14
27,12,1,3,1,213,9,15
27,12,1,2,1,215,10,16
27,12,1,1,1,220,9,15
28,12,1,28,1,183,9,14
28,12,1,27,1,179,9,12
28,12,1,26,1,178,10,16
28,12,1,25,1,183,10,16
28,12,1,24,1,188,10,15
28,12,1,23,1,183,10,14
28,12,1,22,1,186,9,14
28,12,1,21,1,200,9,13
28,12,1,20,1,270,14,19
28,12,1,19,1,283,14,19
28,12,1,18,1,306,14,18
28,12,1,17,1,295,15,21
28,12,1,16,1,289,17,21
28,12,1,15,1,296,16,20
28,12,1,14,1,298,16,21
28,12,1,13,1,302,14,18
28,12,1,12,1,280,13,18
28,12,1,11,1,289,13,17
28,12,1,10,1,291,13,17
28,12,1,9,1,286,13,17
28,12,1,8,1,293,13,16
28,12,1,7,1,293,14,18
28,12,1,6,1,289,14,19
28,12,1,5,1,291,14,21
28,12,1,4,1,288,15,20
28,12,1,3,1,268,14,19
28,12,1,2,1,272,13,18
28,12,1,1,1,267,13,18
29,12,1,28,1,288,17,24
29,12,1,27,1,291,17,24
29,12,1,26,1,287,16,23
29,12,1,25,1,283,17,25
29,12,1,24,1,304,18,26
29,12,1,23,1,309,18,26
29,12,1,22,1,318,18,26
29,12,1,21,1,316,18,26
29,12,1,20,1,329,19,27
29,12,1,19,1,328,18,27
29,12,1,18,1,346,18,29
29,12,1,17,1,349,18,28
29,12,1,16,1,356,18,27
29,12,1,15,1,367,18,27
29,12,1,14,1,372,18,27
29,12,1,13,1,388,18,27
29,12,1,12,1,415,18,29
29,12,1,11,1,436,18,27
29,12,1,10,1,446,18,27
29,12,1,9,1,460,18,27
29,12,1,8,1,485,18,26
29,12,1,7,1,494,19,28
29,12,1,6,1,513,19,26
29,12,1,5,1,534,18,26
29,12,1,4,1,646,24,33
29,12,1,3,1,603,23,31
29,12,1,2,1,573,22,30
29,12,1,1,1,595,23,30
30,12,1,28,1,344,18,26
30,12,1,27,1,333,17,17
30,12,1,26,1,334,17,25
30,12,1,25,1,338,17,22
30,12,1,24,1,331,17,22
30,12,1,23,1,325,17,24
30,12,1,22,1,310,17,23
30,12,1,21,1,308,17,23
30,12,1,20,1,306,17,23
30,12,1,19,1,317,17,23
30,12,1,18,1,326,17,30
30,12,1,17,1,322,17,23
30,12,1,16,1,322,18,24
30,12,1,15,1,320,17,23
30,12,1,14,1,317,18,23
30,12,1,13,1,338,18,25
30,12,1,12,1,347,17,24
30,12,1,11,1,340,17,23
30,12,1,10,1,335,18,23
30,12,1,9,1,340,18,25
30,12,1,8,1,330,17,27
30,12,1,7,1,332,17,24
30,12,1,6,1,318,16,23
30,12,1,5,1,331,16,20
30,12,1,4,1,332,16,21
30,12,1,3,1,308,15,19
30,12,1,2,1,293,14,18
30,12,1,1,1,299,14,19
31,12,1,28,1,186,9,16
31,12,1,27,1,182,9,16
31,12,1,26,1,183,9,16
31,12,1,25,1,173,9,14
31,12,1,24,1,186,9,14
31,12,1,23,1,187,10,15
31,12,1,22,1,181,10,14
31,12,1,21,1,181,10,15
31,12,1,20,1,203,11,16
31,12,1,19,1,191,10,15
31,12,1,18,1,192,9,15
31,12,1,17,1,199,10,14
31,12,1,16,1,199,9,15
31,12,1,15,1,193,8,14
31,12,1,14,1,185,8,14
31,12,1,13,1,192,9,14
31,12,1,12,1,197,9,13
31,12,1,11,1,204,11,15
31,12,1,10,1,215,10,14
31,12,1,9,1,221,10,13
31,12,1,8,1,212,10,19
31,12,1,7,1,208,10,14
31,12,1,6,1,211,9,13
31,12,1,5,1,199,9,12
31,12,1,4,1,184,10,13
31,12,1,3,1,177,10,12
31,12,1,2,1,164,10,12
31,12,1,1,1,147,9,11
32,12,1,28,1,336,18,29
32,12,1,27,1,329,17,26
32,12,1,26,1,331,17,26
32,12,1,25,1,335,17,23
32,12,1,24,1,336,17,23
32,12,1,23,1,341,17,24
32,12,1,22,1,331,17,25
32,12,1,21,1,337,18,27
32,12,1,20,1,324,18,23
32,12,1,19,1,335,17,27
32,12,1,18,1,343,17,25
32,12,1,17,1,359,17,26
32,12,1,16,1,368,18,27
32,12,1,15,1,399,18,29
32,12,1,14,1,411,17,26
32,12,1,13,1,423,17,22
32,12,1,12,1,434,17,24
32,12,1,11,1,461,18,27
32,12,1,10,1,457,18,28
32,12,1,9,1,445,18,24
32,12,1,8,1,434,18,25
32,12,1,7,1,418,18,25
32,12,1,6,1,408,18,25
32,12,1,5,1,422,18,25
32,12,1,4,1,442,19,28
32,12,1,3,1,399,17,24
32,12,1,2,1,390,17,24
32,12,1,1,1,386,17,24
33,12,1,28,0,0,0,0
33,12,1,27,0,0,0,0
33,12,1,26,0,0,0,0
33,12,1,25,0,0,0,0
33,12,1,24,0,0,0,0
33,12,1,23,0,0,0,0
33,12,1,22,0,0,0,0
33,12,1,21,0,0,0,0
33,12,1,20,0,0,0,0
33,12,1,19,0,0,0,0
33,12,1,18,0,0,0,0
33,12,1,17,0,0,0,0
33,12,1,16,0,0,0,0
33,12,1,15,0,0,0,0
33,12,1,14,0,0,0,0
33,12,1,13,0,0,0,0
33,12,1,12,0,0,0,0
33,12,1,11,0,0,0,0
33,12,1,10,0,0,0,0
33,12,1,9,0,0,0,0
33,12,1,8,0,0,0,0
33,12,1,7,0,0,0,0
33,12,1,6,0,0,0,0
33,12,1,5,0,0,0,0
33,12,1,4,0,0,0,0
33,12,1,3,0,0,0,0
33,12,1,2,0,0,0,0
33,12,1,1,0,0,0,0
34,12,1,28,1,425,21,30
34,12,1,27,1,417,20,26
34,12,1,26,1,400,19,29
34,12,1,25,1,378,18,27
34,12,1,24,1,373,18,27
34,12,1,23,1,371,18,26
34,12,1,22,1,381,19,27
34,12,1,21,1,377,19,27
34,12,1,20,1,384,18,27
34,12,1,19,1,400,18,27
34,12,1,18,1,408,18,26
34,12,1,17,1,414,19,26
34,12,1,16,1,421,19,26
34,12,1,15,1,435,19,27
34,12,1,14,1,438,19,26
34,12,1,13,1,449,18,27
34,12,1,12,1,467,18,26
34,12,1,11,1,475,18,26
34,12,1,10,1,487,18,26
34,12,1,9,1,492,18,26
34,12,1,8,1,506,19,27
34,12,1,7,1,521,19,27
34,12,1,6,1,528,19,26
34,12,1,5,1,523,19,26
34,12,1,4,1,517,19,26
34,12,1,3,1,454,17,23
34,12,1,2,1,456,17,21
34,12,1,1,1,442,17,21
35,12,1,28,2,643,33,49
35,12,1,27,2,656,33,47
35,12,1,26,2,653,36,51
35,12,1,25,2,642,36,52
35,12,1,24,2,653,37,53
35,12,1,23,2,629,35,49
35,12,1,22,2,636,35,50
35,12,1,21,2,660,35,51
35,12,1,20,2,650,36,55
35,12,1,19,2,645,34,54
35,12,1,18,2,663,34,55
35,12,1,17,2,704,35,50
35,12,1,16,2,728,36,58
35,12,1,15,2,779,38,54
35,12,1,14,2,835,39,54
35,12,1,13,2,881,41,56
35,12,1,12,2,937,42,55
35,12,1,11,2,990,42,57
35,12,1,10,2,1056,45,59
35,12,1,9,2,1133,45,58
35,12,1,8,2,1181,46,65
35,12,1,7,2,1236,49,64
35,12,1,6,2,1254,51,70
35,12,1,5,2,1285,50,68
35,12,1,4,2,1288,51,68
35,12,1,3,2,1432,55,70
35,12,1,2,2,1405,53,70
35,12,1,1,2,1334,49,70
36,12,1,28,1,490,26,39
36,12,1,27,1,489,26,38
36,12,1,26,1,491,25,36
36,12,1,25,1,483,24,33
36,12,1,24,1,494,23,34
36,12,1,23,1,495,22,34
36,12,1,22,1,487,22,34
36,12,1,21,1,471,22,34
36,12,1,20,1,468,22,33
36,12,1,19,1,465,21,32
36,12,1,18,1,467,21,32
36,12,1,17,1,473,21,32
36,12,1,16,1,488,21,32
36,12,1,15,1,495,20,31
36,12,1,14,1,518,23,33
36,12,1,13,1,535,23,30
36,12,1,12,1,551,22,28
36,12,1,11,1,546,21,28
36,12,1,10,1,571,22,28
36,12,1,9,1,564,22,28
36,12,1,8,1,566,22,29
36,12,1,7,1,567,21,27
36,12,1,6,1,567,22,28
36,12,1,5,1,552,21,26
36,12,1,4,1,526,21,26
36,12,1,3,1,484,20,25
36,12,1,2,1,458,19,25
36,12,1,1,1,431,18,22
37,12,1,28,1,216,11,22
37,12,1,27,1,210,11,20
37,12,1,26,1,204,11,20
37,12,1,25,1,204,11,19
37,12,1,24,1,211,11,21
37,12,1,23,1,208,10,17
37,12,1,22,1,222,11,17
37,12,1,21,1,219,12,19
37,12,1,20,1,225,12,19
37,12,1,19,1,211,12,18
37,12,1,18,1,213,11,17
37,12,1,17,1,221,12,17
37,12,1,16,1,216,12,17
37,12,1,15,1,213,11,15
37,12,1,14,1,213,12,17
37,12,1,13,1,197,9,13
37,12,1,12,1,197,9,13
37,12,1,11,1,210,9,14
37,12,1,10,1,210,9,14
37,12,1,9,1,210,9,14
37,12,1,8,1,219,9,13
37,12,1,7,1,229,9,13
37,12,1,6,1,230,9,13
37,12,1,5,1,222,9,15
37,12,1,4,1,219,9,15
37,12,1,3,1,222,10,17
37,12,1,2,1,216,10,14
37,12,1,1,1,205,9,14
38,12,1,28,1,431,19,31
38,12,1,27,1,420,19,30
38,12,1,26,1,419,19,29
38,12,1,25,1,419,19,29
38,12,1,24,1,433,19,27
38,12,1,23,1,437,20,29
38,12,1,22,1,437,20,31
38,12,1,21,1,449,20,33
38,12,1,20,1,449,20,33
38,12,1,19,1,447,19,28
38,12,1,18,1,463,20,32
38,12,1,17,1,469,20,34
38,12,1,16,1,460,20,31
38,12,1,15,1,461,20,30
38,12,1,14,1,463,20,28
38,12,1,13,1,472,19,27
38,12,1,12,1,477,19,27
38,12,1,11,1,477,19,26
38,12,1,10,1,490,19,26
38,12,1,9,1,496,19,25
38,12,1,8,1,502,19,26
38,12,1,7,1,511,19,24
38,12,1,6,1,518,19,27
38,12,1,5,1,521,19,26
38,12,1,4,1,517,20,25
38,12,1,3,1,463,19,23
38,12,1,2,1,441,17,25
38,12,1,1,1,420,16,23
39,12,1,28,1,390,19,29
39,12,1,27,1,380,19,31
39,12,1,26,1,374,20,32
39,12,1,25,1,362,19,28
39,12,1,24,1,357,18,27
39,12,1,23,1,352,18,27
39,12,1,22,1,366,19,28
39,12,1,21,1,370,19,29
39,12,1,20,1,381,19,29
39,12,1,19,1,375,18,27
39,12,1,18,1,393,18,28
39,12,1,17,1,400,21,31
39,12,1,16,1,399,19,28
39,12,1,15,1,403,20,27
39,12,1,14,1,421,20,27
39,12,1,13,1,440,19,29
39,12,1,12,1,478,18,31
39,12,1,11,1,509,19,31
39,12,1,10,1,522,20,32
39,12,1,9,1,527,20,33
39,12,1,8,1,513,20,31
39,12,1,7,1,513,21,30
39,12,1,6,1,505,22,31
39,12,1,5,1,506,22,30
39,12,1,4,1,498,23,30
39,12,1,3,1,424,20,28
39,12,1,2,1,410,18,26
39,12,1,1,1,372,16,23
40,12,1,28,1,343,18,28
40,12,1,27,1,338,18,27
40,12,1,26,1,340,18,20
40,12,1,25,1,333,18,25
40,12,1,24,1,336,17,26
40,12,1,23,1,348,18,25
40,12,1,22,1,363,19,27
40,12,1,21,1,382,19,26
40,12,1,20,1,388,19,28
40,12,1,19,1,394,19,27
40,12,1,18,1,410,20,28
40,12,1,17,1,423,20,32
40,12,1,16,1,443,20,31
40,12,1,15,1,454,20,39
40,12,1,14,1,475,20,34
40,12,1,13,1,475,20,32
40,12,1,12,1,476,20,29
40,12,1,11,1,493,20,28
40,12,1,10,1,504,20,27
40,12,1,9,1,500,20,24
40,12,1,8,1,485,19,24
40,12,1,7,1,471,19,25
40,12,1,6,1,458,19,24
40,12,1,5,1,446,19,23
40,12,1,4,1,440,19,25
40,12,1,3,1,403,19,24
40,12,1,2,1,374,17,21
40,12,1,1,1,353,16,21
41,12,1,28,1,720,33,48
41,12,1,27,1,712,32,36
41,12,1,26,1,681,32,46
41,12,1,25,1,690,32,45
41,12,1,24,1,702,33,45
41,12,1,23,1,659,31,44
41,12,1,22,1,657,32,44
41,12,1,21,1,650,31,44
41,12,1,20,1,640,31,44
41,12,1,19,1,634,30,43
41,12,1,18,1,632,30,43
41,12,1,17,1,638,30,43
41,12,1,16,1,622,30,45
41,12,1,15,1,642,31,46
41,12,1,14,1,661,31,44
41,12,1,13,1,670,30,43
41,12,1,12,1,715,30,43
41,12,1,11,1,731,29,42
41,12,1,10,1,762,30,43
41,12,1,9,1,763,29,42
41,12,1,8,1,779,29,43
41,12,1,7,1,806,29,41
41,12,1,6,1,817,31,43
41,12,1,5,1,805,32,45
41,12,1,4,1,802,33,46
41,12,1,3,1,742,31,44
41,12,1,2,1,713,29,39
41,12,1,1,1,673,27,38
42,12,1,28,1,230,13,23
42,12,1,27,1,226,11,22
42,12,1,26,1,228,13,23
42,12,1,25,1,228,12,21
42,12,1,24,1,238,14,22
42,12,1,23,1,251,14,21
42,12,1,22,1,245,14,21
42,12,1,21,1,261,14,20
42,12,1,20,1,269,16,21
42,12,1,19,1,272,16,21
42,12,1,18,1,279,16,21
42,12,1,17,1,287,14,20
42,12,1,16,1,296,18,24
42,12,1,15,1,296,18,23
42,12,1,14,1,289,18,24
42,12,1,13,1,303,17,23
42,12,1,12,1,319,16,21
42,12,1,11,1,330,16,21
42,12,1,10,1,334,15,21
42,12,1,9,1,328,14,21
42,12,1,8,1,327,15,20
42,12,1,7,1,312,15,22
42,12,1,6,1,317,15,22
42,12,1,5,1,320,16,22
42,12,1,4,1,306,15,21
42,12,1,3,1,270,13,16
42,12,1,2,1,267,13,16
42,12,1,1,1,271,12,16
43,12,1,28,0,0,0,0
43,12,1,27,0,0,0,0
43,12,1,26,0,0,0,0
43,12,1,25,0,0,0,0
43,12,1,24,0,0,0,0
43,12,1,23,0,0,0,0
43,12,1,22,0,0,0,0
43,12,1,21,0,0,0,0
43,12,1,20,0,0,0,0
43,12,1,19,0,0,0,0
43,12,1,18,0,0,0,0
43,12,1,17,0,0,0,0
43,12,1,16,0,0,0,0
43,12,1,15,0,0,0,0
43,12,1,14,0,0,0,0
43,12,1,13,0,0,0,0
43,12,1,12,0,0,0,0
43,12,1,11,0,0,0,0
43,12,1,10,0,0,0,0
43,12,1,9,0,0,0,0
43,12,1,8,0,0,0,0
43,12,1,7,0,0,0,0
43,12,1,6,1,376,17,22
43,12,1,5,1,372,17,22
43,12,1,4,1,362,17,21
43,12,1,3,1,327,17,22
43,12,1,2,1,318,16,20
43,12,1,1,1,318,16,20
44,12,1,28,0,0,0,0
44,12,1,27,0,0,0,0
44,12,1,26,0,0,0,0
44,12,1,25,0,0,0,0
44,12,1,24,0,0,0,0
44,12,1,23,0,0,0,0
44,12,1,22,0,0,0,0
44,12,1,21,0,0,0,0
44,12,1,20,0,0,0,0
44,12,1,19,0,0,0,0
44,12,1,18,0,0,0,0
44,12,1,17,0,0,0,0
44,12,1,16,0,0,0,0
44,12,1,15,0,0,0,0
44,12,1,14,0,0,0,0
44,12,1,13,0,0,0,0
44,12,1,12,0,0,0,0
44,12,1,11,0,0,0,0
44,12,1,10,0,0,0,0
44,12,1,9,0,0,0,0
44,12,1,8,0,0,0,0
44,12,1,7,0,0,0,0
44,12,1,6,0,0,0,0
44,12,1,5,0,0,0,0
44,12,1,4,0,0,0,0
44,12,1,3,0,0,0,0
44,12,1,2,0,0,0,0
44,12,1,1,0,0,0,0
45,12,1,28,0,0,0,0
45,12,1,27,0,0,0,0
45,12,1,26,0,0,0,0
45,12,1,25,0,0,0,0
45,12,1,24,0,0,0,0
45,12,1,23,0,0,0,0
45,12,1,22,0,0,0,0
45,12,1,21,0,0,0,0
45,12,1,20,0,0,0,0
45,12,1,19,0,0,0,0
45,12,1,18,0,0,0,0
45,12,1,17,0,0,0,0
45,12,1,16,0,0,0,0
45,12,1,15,0,0,0,0
45,12,1,14,0,0,0,0
45,12,1,13,0,0,0,0
45,12,1,12,0,0,0,0
45,12,1,11,0,0,0,0
45,12,1,10,0,0,0,0
45,12,1,9,0,0,0,0
45,12,1,8,0,0,0,0
45,12,1,7,0,0,0,0
45,12,1,6,0,0,0,0
45,12,1,5,0,0,0,0
45,12,1,4,0,0,0,0
45,12,1,3,0,0,0,0
45,12,1,2,0,0,0,0
45,12,1,1,0,0,0,0
46,12,1,28,0,0,0,0
46,12,1,27,0,0,0,0
46,12,1,26,0,0,0,0
46,12,1,25,0,0,0,0
46,12,1,24,0,0,0,0
46,12,1,23,0,0,0,0
46,12,1,22,0,0,0,0
46,12,1,21,0,0,0,0
46,12,1,20,0,0,0,0
46,12,1,19,0,0,0,0
46,12,1,18,0,0,0,0
46,12,1,17,0,0,0,0
46,12,1,16,0,0,0,0
46,12,1,15,0,0,0,0
46,12,1,14,0,0,0,0
46,12,1,13,0,0,0,0
46,12,1,12,0,0,0,0
46,12,1,11,0,0,0,0
46,12,1,10,0,0,0,0
46,12,1,9,0,0,0,0
46,12,1,8,0,0,0,0
46,12,1,7,0,0,0,0
46,12,1,6,0,0,0,0
46,12,1,5,0,0,0,0
46,12,1,4,0,0,0,0
46,12,1,3,0,0,0,0
46,12,1,2,0,0,0,0
46,12,1,1,0,0,0,0
47,12,1,28,1,702,33,47
47,12,1,27,1,690,32,37
47,12,1,26,1,689,34,51
47,12,1,25,1,677,33,46
47,12,1,24,1,690,34,51
47,12,1,23,1,699,34,48
47,12,1,22,1,694,32,47
47,12,1,21,1,675,31,43
47,12,1,20,1,691,32,44
47,12,1,19,1,707,32,46
47,12,1,18,1,709,32,46
47,12,1,17,1,723,33,46
47,12,1,16,1,744,35,50
47,12,1,15,1,744,35,48
47,12,1,14,1,777,36,49
47,12,1,13,1,817,36,48
47,12,1,12,1,854,36,48
47,12,1,11,1,894,35,45
47,12,1,10,1,923,35,50
47,12,1,9,1,958,35,48
47,12,1,8,1,963,35,45
47,12,1,7,1,974,36,47
47,12,1,6,1,990,37,52
47,12,1,5,1,987,37,50
47,12,1,4,1,988,38,50
47,12,1,3,1,890,35,46
47,12,1,2,1,870,35,46
47,12,1,1,1,802,31,43
48,12,1,28,1,298,16,22
48,12,1,27,1,295,17,17
48,12,1,26,1,301,17,24
48,12,1,25,1,292,16,24
48,12,1,24,1,288,15,24
48,12,1,23,1,292,15,23
48,12,1,22,1,285,14,22
48,12,1,21,1,266,14,22
48,12,1,20,1,260,13,20
48,12,1,19,1,264,12,19
48,12,1,18,1,266,12,19
48,12,1,17,1,262,13,20
48,12,1,16,1,276,15,22
48,12,1,15,1,270,15,22
48,12,1,14,1,276,15,22
48,12,1,13,1,273,14,20
48,12,1,12,1,279,13,21
48,12,1,11,1,294,15,20
48,12,1,10,1,290,15,21
48,12,1,9,1,289,15,20
48,12,1,8,1,291,14,20
48,12,1,7,1,285,14,19
48,12,1,6,1,305,15,21
48,12,1,5,1,306,15,21
48,12,1,4,1,311,15,21
48,12,1,3,1,298,14,18
48,12,1,2,1,278,13,16
48,12,1,1,1,280,13,17
49,12,1,28,2,400,25,37
49,12,1,27,2,392,25,38
49,12,1,26,2,413,25,37
49,12,1,25,2,415,25,40
49,12,1,24,1,119,9,13
49,12,1,23,1,121,9,13
49,12,1,22,1,117,9,15
49,12,1,21,1,120,9,13
49,12,1,20,1,130,9,13
49,12,1,19,1,137,9,13
49,12,1,18,1,145,9,13
49,12,1,17,1,150,9,13
49,12,1,16,1,151,9,13
49,12,1,15,1,151,9,13
49,12,1,14,1,165,9,13
49,12,1,13,1,169,9,13
49,12,1,12,1,182,9,13
49,12,1,11,1,183,9,14
49,12,1,10,1,183,9,14
49,12,1,9,1,180,9,12
49,12,1,8,1,171,9,14
49,12,1,7,1,195,9,14
49,12,1,6,1,208,9,13
49,12,1,5,1,202,9,14
49,12,1,4,1,210,9,13
49,12,1,3,1,184,8,11
49,12,1,2,1,178,8,10
49,12,1,1,1,174,8,10
50,12,1,28,0,0,0,0
50,12,1,27,0,0,0,0
50,12,1,26,0,0,0,0
50,12,1,25,0,0,0,0
50,12,1,24,0,0,0,0
50,12,1,23,0,0,0,0
50,12,1,22,0,0,0,0
50,12,1,21,0,0,0,0
50,12,1,20,0,0,0,0
50,12,1,19,0,0,0,0
50,12,1,18,0,0,0,0
50,12,1,17,0,0,0,0
50,12,1,16,0,0,0,0
50,12,1,15,0,0,0,0
50,12,1,14,0,0,0,0
50,12,1,13,0,0,0,0
50,12,1,12,0,0,0,0
50,12,1,11,0,0,0,0
50,12,1,10,0,0,0,0
50,12,1,9,0,0,0,0
50,12,1,8,0,0,0,0
50,12,1,7,0,0,0,0
50,12,1,6,0,0,0,0
50,12,1,5,0,0,0,0
50,12,1,4,0,0,0,0
50,12,1,3,0,0,0,0
50,12,1,2,0,0,0,0
50,12,1,1,0,0,0,0
51,12,1,28,1,119,9,15
51,12,1,27,1,115,9,15
51,12,1,26,1,131,9,16
51,12,1,25,1,134,9,14
51,12,1,24,1,135,9,14
51,12,1,23,1,135,9,14
51,12,1,22,1,131,9,14
51,12,1,21,1,141,9,12
51,12,1,20,1,142,9,15
51,12,1,19,1,147,9,13
51,12,1,18,1,154,9,14
51,12,1,17,1,151,9,13
51,12,1,16,1,163,9,12
51,12,1,15,1,167,9,12
51,12,1,14,1,183,9,13
51,12,1,13,1,182,9,14
51,12,1,12,1,184,9,14
51,12,1,11,1,189,9,15
51,12,1,10,1,210,10,16
51,12,1,9,1,217,10,15
51,12,1,8,1,224,10,17
51,12,1,7,1,238,10,17
51,12,1,6,1,228,10,17
51,12,1,5,1,224,10,16
51,12,1,4,1,232,10,17
51,12,1,3,1,214,10,14
51,12,1,2,1,215,9,12
51,12,1,1,0,0,0,0
52,12,1,28,1,225,13,20
52,12,1,27,1,238,14,20
52,12,1,26,1,239,14,21
52,12,1,25,1,242,14,20
52,12,1,24,1,240,13,20
52,12,1,23,1,242,14,19
52,12,1,22,1,234,14,20
52,12,1,21,1,231,14,20
52,12,1,20,1,234,14,19
52,12,1,19,1,237,14,20
52,12,1,18,1,229,14,21
52,12,1,17,1,236,14,20
52,12,1,16,1,243,14,19
52,12,1,15,1,254,14,19
52,12,1,14,1,257,14,19
52,12,1,13,1,252,14,19
52,12,1,12,1,257,14,18
52,12,1,11,1,254,12,17
52,12,1,10,1,241,14,19
52,12,1,9,1,249,14,19
52,12,1,8,1,248,14,19
52,12,1,7,1,250,13,18
52,12,1,6,1,243,13,19
52,12,1,5,1,247,13,18
52,12,1,4,1,251,13,17
52,12,1,3,1,222,13,17
52,12,1,2,1,209,12,15
52,12,1,1,1,211,12,14
53,12,1,28,1,346,18,26
53,12,1,27,1,347,17,25
53,12,1,26,1,348,18,26
53,12,1,25,1,359,18,25
53,12,1,24,1,374,18,25
53,12,1,23,1,372,18,25
53,12,1,22,1,359,19,26
53,12,1,21,1,363,19,26
53,12,1,20,1,374,19,28
53,12,1,19,1,365,19,28
53,12,1,18,1,377,18,27
53,12,1,17,1,377,18,26
53,12,1,16,1,383,18,26
53,12,1,15,1,374,18,29
53,12,1,14,1,379,18,26
53,12,1,13,1,387,18,27
53,12,1,12,1,407,19,29
53,12,1,11,1,435,19,29
53,12,1,10,1,463,20,27
53,12,1,9,1,464,20,27
53,12,1,8,1,479,19,27
53,12,1,7,1,460,18,25
53,12,1,6,1,457,19,26
53,12,1,5,1,434,18,24
53,12,1,4,1,419,18,24
53,12,1,3,1,390,17,23
53,12,1,2,1,383,18,23
53,12,1,1,1,350,16,21
54,12,1,28,0,0,0,0
54,12,1,27,0,0,0,0
54,12,1,26,0,0,0,0
54,12,1,25,0,0,0,0
54,12,1,24,1,375,19,26
54,12,1,23,1,383,19,26
54,12,1,22,1,375,18,26
54,12,1,21,1,383,18,27
54,12,1,20,1,376,19,27
54,12,1,19,1,408,20,28
54,12,1,18,1,418,19,28
54,12,1,17,1,424,19,28
54,12,1,16,1,441,20,29
54,12,1,15,1,448,20,28
54,12,1,14,1,471,21,28
54,12,1,13,1,488,21,28
54,12,1,12,1,502,21,28
54,12,1,11,1,533,21,30
54,12,1,10,1,545,22,34
54,12,1,9,1,582,23,35
54,12,1,8,1,611,24,40
54,12,1,7,1,635,24,39
54,12,1,6,1,630,24,39
54,12,1,5,1,619,24,40
54,12,1,4,1,623,24,42
54,12,1,3,1,589,24,40
54,12,1,2,1,567,25,33
54,12,1,1,1,557,24,31
55,12,1,28,0,0,0,0
55,12,1,27,0,0,0,0
55,12,1,26,0,0,0,0
55,12,1,25,0,0,0,0
55,12,1,24,0,0,0,0
55,12,1,23,0,0,0,0
55,12,1,22,0,0,0,0
55,12,1,21,0,0,0,0
55,12,1,20,0,0,0,0
55,12,1,19,0,0,0,0
55,12,1,18,0,0,0,0
55,12,1,17,0,0,0,0
55,12,1,16,0,0,0,0
55,12,1,15,0,0,0,0
55,12,1,14,0,0,0,0
55,12,1,13,0,0,0,0
55,12,1,12,0,0,0,0
55,12,1,11,0,0,0,0
55,12,1,10,0,0,0,0
55,12,1,9,0,0,0,0
55,12,1,8,0,0,0,0
55,12,1,7,0,0,0,0
55,12,1,6,0,0,0,0
55,12,1,5,0,0,0,0
55,12,1,4,0,0,0,0
55,12,1,3,0,0,0,0
55,12,1,2,0,0,0,0
55,12,1,1,0,0,0,0
56,12,1,28,0,0,0,0
56,12,1,27,0,0,0,0
56,12,1,26,0,0,0,0
56,12,1,25,0,0,0,0
56,12,1,24,0,0,0,0
56,12,1,23,0,0,0,0
56,12,1,22,0,0,0,0
56,12,1,21,0,0,0,0
56,12,1,20,0,0,0,0
56,12,1,19,0,0,0,0
56,12,1,18,0,0,0,0
56,12,1,17,0,0,0,0
56,12,1,16,0,0,0,0
56,12,1,15,0,0,0,0
56,12,1,14,0,0,0,0
56,12,1,13,0,0,0,0
56,12,1,12,0,0,0,0
56,12,1,11,0,0,0,0
56,12,1,10,0,0,0,0
56,12,1,9,0,0,0,0
56,12,1,8,0,0,0,0
56,12,1,7,0,0,0,0
56,12,1,6,0,0,0,0
56,12,1,5,0,0,0,0
56,12,1,4,0,0,0,0
56,12,1,3,0,0,0,0
56,12,1,2,0,0,0,0
56,12,1,1,0,0,0,0
57,12,1,28,0,0,0,0
57,12,1,27,0,0,0,0
57,12,1,26,0,0,0,0
57,12,1,25,0,0,0,0
57,12,1,24,0,0,0,0
57,12,1,23,0,0,0,0
57,12,1,22,0,0,0,0
57,12,1,21,0,0,0,0
57,12,1,20,0,0,0,0
57,12,1,19,0,0,0,0
57,12,1,18,0,0,0,0
57,12,1,17,0,0,0,0
57,12,1,16,0,0,0,0
57,12,1,15,0,0,0,0
57,12,1,14,0,0,0,0
57,12,1,13,0,0,0,0
57,12,1,12,0,0,0,0
57,12,1,11,0,0,0,0
57,12,1,10,0,0,0,0
57,12,1,9,0,0,0,0
57,12,1,8,0,0,0,0
57,12,1,7,0,0,0,0
57,12,1,6,0,0,0,0
57,12,1,5,0,0,0,0
57,12,1,4,0,0,0,0
57,12,1,3,0,0,0,0
57,12,1,2,0,0,0,0
57,12,1,1,0,0,0,0
58,12,1,28,0,0,0,0
58,12,1,27,0,0,0,0
58,12,1,26,0,0,0,0
58,12,1,25,0,0,0,0
58,12,1,24,0,0,0,0
58,12,1,23,0,0,0,0
58,12,1,22,0,0,0,0
58,12,1,21,0,0,0,0
58,12,1,20,0,0,0,0
58,12,1,19,0,0,0,0
58,12,1,18,0,0,0,0
58,12,1,17,0,0,0,0
58,12,1,16,0,0,0,0
58,12,1,15,0,0,0,0
58,12,1,14,0,0,0,0
58,12,1,13,0,0,0,0
58,12,1,12,0,0,0,0
58,12,1,11,0,0,0,0
58,12,1,10,0,0,0,0
58,12,1,9,0,0,0,0
58,12,1,8,0,0,0,0
58,12,1,7,0,0,0,0
58,12,1,6,0,0,0,0
58,12,1,5,0,0,0,0
58,12,1,4,0,0,0,0
58,12,1,3,0,0,0,0
58,12,1,2,0,0,0,0
58,12,1,1,0,0,0,0
59,12,1,28,1,543,25,37
59,12,1,27,1,549,25,37
59,12,1,26,1,517,24,35
59,12,1,25,1,519,24,37
59,12,1,24,1,524,25,39
59,12,1,23,1,535,25,37
59,12,1,22,1,556,26,40
59,12,1,21,1,561,27,40
59,12,1,20,1,569,27,41
59,12,1,19,1,583,28,42
59,12,1,18,1,588,28,39
59,12,1,17,1,585,28,40
59,12,1,16,1,583,27,40
59,12,1,15,1,594,27,39
59,12,1,14,1,609,27,40
59,12,1,13,1,603,27,40
59,12,1,12,1,526,22,34
59,12,1,11,1,542,22,35
59,12,1,10,1,568,23,35
59,12,1,9,1,553,23,34
59,12,1,8,1,555,23,34
59,12,1,7,1,518,21,31
59,12,1,6,1,469,19,35
59,12,1,5,1,407,17,22
59,12,1,4,1,367,16,21
59,12,1,3,1,314,14,19
59,12,1,2,1,319,14,18
59,12,1,1,1,282,13,18
60,12,1,28,1,494,22,40
60,12,1,27,1,484,21,38
60,12,1,26,1,482,20,37
60,12,1,25,1,490,24,38
60,12,1,24,1,489,22,37
60,12,1,23,1,487,22,37
60,12,1,22,1,510,23,37
60,12,1,21,1,485,24,37
60,12,1,20,1,517,26,39
60,12,1,19,1,525,26,38
60,12,1,18,1,563,27,43
60,12,1,17,1,555,27,45
60,12,1,16,1,576,27,45
60,12,1,15,1,594,27,44
60,12,1,14,1,616,29,45
60,12,1,13,1,601,27,39
60,12,1,12,1,616,25,37
60,12,1,11,1,653,25,38
60,12,1,10,1,664,26,39
60,12,1,9,1,715,28,41
60,12,1,8,1,792,30,43
60,12,1,7,1,833,32,46
60,12,1,6,1,873,36,51
60,12,1,5,1,934,38,54
60,12,1,4,1,969,38,52
60,12,1,3,1,955,35,46
60,12,1,2,1,968,35,46
60,12,1,1,1,938,34,45
61,12,1,28,1,135,9,15
61,12,1,27,1,135,9,15
61,12,1,26,1,143,9,15
61,12,1,25,1,144,9,13
61,12,1,24,1,138,9,12
61,12,1,23,1,135,9,12
61,12,1,22,1,123,9,13
61,12,1,21,1,124,9,13
61,12,1,20,1,127,9,13
61,12,1,19,1,137,9,13
61,12,1,18,1,134,10,12
61,12,1,17,1,139,9,13
61,12,1,16,1,142,9,14
61,12,1,15,1,152,9,14
61,12,1,14,1,163,9,13
61,12,1,13,1,176,9,13
61,12,1,12,1,176,9,13
61,12,1,11,1,181,9,13
61,12,1,10,1,184,9,13
61,12,1,9,1,182,9,14
61,12,1,8,1,186,9,13
61,12,1,7,1,193,10,14
61,12,1,6,1,192,9,14
61,12,1,5,1,188,9,13
61,12,1,4,1,183,9,13
61,12,1,3,1,174,9,13
61,12,1,2,1,165,8,11
61,12,1,1,1,159,8,12
62,12,1,28,0,0,0,0
62,12,1,27,0,0,0,0
62,12,1,26,0,0,0,0
62,12,1,25,0,0,0,0
62,12,1,24,0,0,0,0
62,12,1,23,0,0,0,0
62,12,1,22,0,0,0,0
62,12,1,21,0,0,0,0
62,12,1,20,0,0,0,0
62,12,1,19,0,0,0,0
62,12,1,18,0,0,0,0
62,12,1,17,0,0,0,0
62,12,1,16,0,0,0,0
62,12,1,15,0,0,0,0
62,12,1,14,0,0,0,0
62,12,1,13,0,0,0,0
62,12,1,12,0,0,0,0
62,12,1,11,0,0,0,0
62,12,1,10,0,0,0,0
62,12,1,9,0,0,0,0
62,12,1,8,0,0,0,0
62,12,1,7,0,0,0,0
62,12,1,6,0,0,0,0
62,12,1,5,0,0,0,0
62,12,1,4,0,0,0,0
62,12,1,3,0,0,0,0
62,12,1,2,0,0,0,0
62,12,1,1,0,0,0,0
63,12,1,28,1,301,15,22
63,12,1,27,1,313,15,23
63,12,1,26,1,279,15,23
63,12,1,25,1,292,16,24
63,12,1,24,1,299,17,23
63,12,1,23,1,299,17,24
63,12,1,22,1,294,16,23
63,12,1,21,1,297,16,23
63,12,1,20,1,306,16,23
63,12,1,19,1,312,16,24
63,12,1,18,1,311,16,22
63,12,1,17,1,315,16,23
63,12,1,16,1,316,16,23
63,12,1,15,1,319,16,23
63,12,1,14,1,315,16,22
63,12,1,13,1,331,17,24
63,12,1,12,1,335,17,24
63,12,1,11,1,330,16,23
63,12,1,10,1,343,17,23
63,12,1,9,1,359,17,20
63,12,1,8,1,378,18,28
63,12,1,7,1,379,18,31
63,12,1,6,1,386,18,29
63,12,1,5,1,388,18,26
63,12,1,4,1,400,18,25
63,12,1,3,1,357,16,22
63,12,1,2,1,366,17,23
63,12,1,1,1,448,17,25
3,11,1,28,1,25,2,3
3,11,1,27,1,26,2,4
3,11,1,26,1,21,2,4
3,11,1,25,1,26,2,3
3,11,1,24,0,0,0,0
3,11,1,23,0,0,0,0
3,11,1,22,0,0,0,0
3,11,1,21,0,0,0,0
3,11,1,20,0,0,0,0
3,11,1,19,0,0,0,0
3,11,1,18,0,0,0,0
3,11,1,17,0,0,0,0
3,11,1,16,0,0,0,0
3,11,1,15,0,0,0,0
3,11,1,14,0,0,0,0
3,11,1,13,0,0,0,0
3,11,1,12,0,0,0,0
3,11,1,11,0,0,0,0
3,11,1,10,1,21,2,3
3,11,1,9,1,19,2,2
3,11,1,8,1,12,1,2
3,11,1,7,1,25,2,3
3,11,1,6,1,23,2,3
3,11,1,5,1,34,4,3
3,11,1,4,1,44,4,4
3,11,1,3,1,35,3,4
3,11,1,2,1,37,3,4
3,11,1,1,1,33,3,3
8,11,1,28,1,34,2,4
8,11,1,27,1,33,2,4
8,11,1,26,1,30,2,4
8,11,1,25,1,30,2,4
8,11,1,24,1,30,2,4
8,11,1,23,1,27,2,4
8,11,1,22,1,29,2,3
8,11,1,21,1,30,2,3
8,11,1,20,1,33,2,3
8,11,1,19,1,29,2,3
8,11,1,18,1,26,2,3
8,11,1,17,1,29,2,3
8,11,1,16,1,33,2,3
8,11,1,15,1,38,3,4
8,11,1,14,1,46,3,4
8,11,1,13,1,40,3,4
8,11,1,12,1,38,3,5
8,11,1,11,1,44,3,4
8,11,1,10,1,38,2,3
8,11,1,9,1,45,3,3
8,11,1,8,1,50,3,4
8,11,1,7,1,51,4,6
8,11,1,6,1,60,4,5
8,11,1,5,1,57,4,5
8,11,1,4,1,53,4,5
8,11,1,3,1,52,4,5
8,11,1,2,1,51,4,5
8,11,1,1,1,50,4,5
15,11,1,28,0,0,0,0
15,11,1,27,0,0,0,0
15,11,1,26,0,0,0,0
15,11,1,25,0,0,0,0
15,11,1,24,0,0,0,0
15,11,1,23,0,0,0,0
15,11,1,22,0,0,0,0
15,11,1,21,0,0,0,0
15,11,1,20,0,0,0,0
15,11,1,19,0,0,0,0
15,11,1,18,0,0,0,0
15,11,1,17,1,13,2,4
15,11,1,16,1,15,2,4
15,11,1,15,1,21,2,4
15,11,1,14,1,23,2,4
15,11,1,13,1,18,2,4
15,11,1,12,1,15,2,4
15,11,1,11,1,18,2,4
15,11,1,10,1,21,2,4
15,11,1,9,1,21,2,2
15,11,1,8,1,25,2,3
15,11,1,7,1,23,2,3
15,11,1,6,1,23,2,3
15,11,1,5,1,22,2,2
15,11,1,4,1,25,2,2
15,11,1,3,1,26,2,2
15,11,1,2,1,33,3,5
15,11,1,1,1,37,4,3
18,11,1,28,1,54,4,7
18,11,1,27,1,48,4,8
18,11,1,26,1,54,4,8
18,11,1,25,1,55,4,7
18,11,1,24,1,56,4,5
18,11,1,23,1,58,4,6
18,11,1,22,1,49,4,6
18,11,1,21,1,44,4,7
18,11,1,20,1,45,4,6
18,11,1,19,1,45,4,6
18,11,1,18,1,48,4,6
18,11,1,17,1,56,4,6
18,11,1,16,1,53,4,7
18,11,1,15,1,55,4,7
18,11,1,14,1,56,4,6
18,11,1,13,1,56,4,6
18,11,1,12,1,54,4,6
18,11,1,11,1,47,4,6
18,11,1,10,1,45,4,6
18,11,1,9,1,47,4,4
18,11,1,8,1,46,4,5
18,11,1,7,1,48,4,6
18,11,1,6,1,51,4,5
18,11,1,5,1,50,4,5
18,11,1,4,1,51,4,5
18,11,1,3,1,46,4,5
18,11,1,2,1,55,4,5
18,11,1,1,1,57,4,5
19,11,1,28,0,0,0,0
19,11,1,27,0,0,0,0
19,11,1,26,0,0,0,0
19,11,1,25,0,0,0,0
19,11,1,24,0,0,0,0
19,11,1,23,0,0,0,0
19,11,1,22,0,0,0,0
19,11,1,21,0,0,0,0
19,11,1,20,0,0,0,0
19,11,1,19,0,0,0,0
19,11,1,18,0,0,0,0
19,11,1,17,0,0,0,0
19,11,1,16,0,0,0,0
19,11,1,15,0,0,0,0
19,11,1,14,0,0,0,0
19,11,1,13,0,0,0,0
19,11,1,12,0,0,0,0
19,11,1,11,0,0,0,0
19,11,1,10,1,14,2,4
19,11,1,9,1,17,2,2
19,11,1,8,1,18,2,3
19,11,1,7,1,21,2,3
19,11,1,6,1,23,2,4
19,11,1,5,1,21,2,4
19,11,1,4,1,28,2,3
19,11,1,3,1,28,2,3
19,11,1,2,1,34,3,4
19,11,1,1,0,0,0,0
4,11,1,28,0,0,0,0
4,11,1,27,0,0,0,0
4,11,1,26,0,0,0,0
4,11,1,25,0,0,0,0
4,11,1,24,0,0,0,0
4,11,1,23,0,0,0,0
4,11,1,22,0,0,0,0
4,11,1,21,0,0,0,0
4,11,1,20,0,0,0,0
4,11,1,19,0,0,0,0
4,11,1,18,0,0,0,0
4,11,1,17,0,0,0,0
4,11,1,16,0,0,0,0
4,11,1,15,0,0,0,0
4,11,1,14,0,0,0,0
4,11,1,13,0,0,0,0
4,11,1,12,0,0,0,0
4,11,1,11,0,0,0,0
4,11,1,10,0,0,0,0
4,11,1,9,0,0,0,0
4,11,1,8,0,0,0,0
4,11,1,7,0,0,0,0
4,11,1,6,0,0,0,0
4,11,1,5,0,0,0,0
4,11,1,4,0,0,0,0
4,11,1,3,0,0,0,0
4,11,1,2,0,0,0,0
4,11,1,1,1,38,3,3
21,11,1,28,0,0,0,0
21,11,1,27,0,0,0,0
21,11,1,26,0,0,0,0
21,11,1,25,0,0,0,0
21,11,1,24,0,0,0,0
21,11,1,23,0,0,0,0
21,11,1,22,0,0,0,0
21,11,1,21,0,0,0,0
21,11,1,20,1,11,2,5
21,11,1,19,1,12,2,5
21,11,1,18,1,21,2,5
21,11,1,17,1,15,2,4
21,11,1,16,1,18,2,4
21,11,1,15,1,18,2,4
21,11,1,14,1,14,2,4
21,11,1,13,1,26,3,5
21,11,1,12,1,29,3,4
21,11,1,11,1,26,4,6
21,11,1,10,1,29,4,7
21,11,1,9,1,29,4,4
21,11,1,8,1,34,4,6
21,11,1,7,1,39,4,6
21,11,1,6,1,54,4,6
21,11,1,5,1,57,4,6
21,11,1,4,1,50,4,4
21,11,1,3,1,63,4,4
21,11,1,2,1,60,4,4
21,11,1,1,1,64,4,4
25,11,1,28,0,0,0,0
25,11,1,27,0,0,0,0
25,11,1,26,0,0,0,0
25,11,1,25,0,0,0,0
25,11,1,24,0,0,0,0
25,11,1,23,0,0,0,0
25,11,1,22,0,0,0,0
25,11,1,21,0,0,0,0
25,11,1,20,0,0,0,0
25,11,1,19,0,0,0,0
25,11,1,18,0,0,0,0
25,11,1,17,0,0,0,0
25,11,1,16,0,0,0,0
25,11,1,15,0,0,0,0
25,11,1,14,0,0,0,0
25,11,1,13,0,0,0,0
25,11,1,12,0,0,0,0
25,11,1,11,0,0,0,0
25,11,1,10,0,0,0,0
25,11,1,9,0,0,0,0
25,11,1,8,0,0,0,0
25,11,1,7,0,0,0,0
25,11,1,6,0,0,0,0
25,11,1,5,0,0,0,0
25,11,1,4,1,111,5,6
25,11,1,3,1,99,5,6
25,11,1,2,1,105,5,6
25,11,1,1,1,90,4,5
26,11,1,28,0,0,0,0
26,11,1,27,0,0,0,0
26,11,1,26,0,0,0,0
26,11,1,25,0,0,0,0
26,11,1,24,0,0,0,0
26,11,1,23,0,0,0,0
26,11,1,22,0,0,0,0
26,11,1,21,0,0,0,0
26,11,1,20,1,50,4,6
26,11,1,19,1,52,4,6
26,11,1,18,1,55,4,6
26,11,1,17,1,59,4,6
26,11,1,16,1,68,4,6
26,11,1,15,1,62,4,5
26,11,1,14,1,67,4,5
26,11,1,13,1,59,3,5
26,11,1,12,1,54,3,5
26,11,1,11,1,56,3,4
26,11,1,10,1,49,3,5
26,11,1,9,1,50,3,4
26,11,1,8,1,50,3,5
26,11,1,7,1,45,3,4
26,11,1,6,1,50,4,4
26,11,1,5,1,57,4,5
26,11,1,4,1,58,4,5
26,11,1,3,1,67,67,5
26,11,1,2,1,62,4,4
26,11,1,1,1,57,4,5
33,11,1,28,1,42,3,6
33,11,1,27,1,48,4,7
33,11,1,26,1,50,4,7
33,11,1,25,1,58,4,5
33,11,1,24,1,62,4,6
33,11,1,23,1,58,4,5
33,11,1,22,1,59,4,5
33,11,1,21,1,59,4,5
33,11,1,20,1,54,4,5
33,11,1,19,1,63,4,5
33,11,1,18,1,66,4,5
33,11,1,17,1,59,4,5
33,11,1,16,1,63,4,5
33,11,1,15,1,62,4,5
33,11,1,14,1,61,4,5
33,11,1,13,1,64,4,5
33,11,1,12,1,62,4,5
33,11,1,11,1,62,4,5
33,11,1,10,1,59,4,6
33,11,1,9,1,58,4,5
33,11,1,8,1,60,4,6
33,11,1,7,1,56,4,5
33,11,1,6,1,64,4,5
33,11,1,5,1,66,4,5
33,11,1,4,1,69,4,5
33,11,1,3,1,59,4,5
33,11,1,2,1,58,4,5
33,11,1,1,1,57,4,6
39,11,1,28,1,131,8,11
39,11,1,27,1,143,8,12
39,11,1,26,1,127,8,12
39,11,1,25,1,143,8,11
39,11,1,24,1,145,8,12
39,11,1,23,1,137,8,12
39,11,1,22,1,143,8,12
39,11,1,21,1,133,8,13
39,11,1,20,1,135,8,13
39,11,1,19,1,136,8,12
39,11,1,18,1,139,8,11
39,11,1,17,1,148,8,12
39,11,1,16,1,151,8,11
39,11,1,15,1,159,8,11
39,11,1,14,1,157,8,11
39,11,1,13,1,162,8,11
39,11,1,12,1,160,8,10
39,11,1,11,1,160,8,11
39,11,1,10,1,163,8,11
39,11,1,9,1,176,9,12
39,11,1,8,1,195,9,12
39,11,1,7,1,200,9,14
39,11,1,6,1,223,9,12
39,11,1,5,1,207,8,11
39,11,1,4,1,196,8,10
39,11,1,3,1,190,9,11
39,11,1,2,1,171,8,10
39,11,1,1,1,165,8,9
44,11,1,28,1,32,3,3
44,11,1,27,1,32,4,4
44,11,1,26,1,26,2,4
44,11,1,25,1,30,2,5
44,11,1,24,1,31,2,4
44,11,1,23,1,37,2,4
44,11,1,22,1,36,2,3
44,11,1,21,1,34,2,3
44,11,1,20,1,33,2,3
44,11,1,19,1,31,2,2
44,11,1,18,1,36,2,3
44,11,1,17,1,35,2,3
44,11,1,16,1,32,2,3
44,11,1,15,1,32,2,4
44,11,1,14,1,27,2,4
44,11,1,13,1,25,2,3
44,11,1,12,1,30,2,4
44,11,1,11,1,27,2,4
44,11,1,10,1,29,2,4
44,11,1,9,1,34,2,2
44,11,1,8,1,35,2,3
44,11,1,7,1,45,3,5
44,11,1,6,1,46,3,4
44,11,1,5,1,45,3,4
44,11,1,4,1,39,3,4
44,11,1,3,1,44,3,4
44,11,1,2,1,38,3,4
44,11,1,1,1,35,3,4
45,11,1,28,1,35,3,8
45,11,1,27,1,40,3,8
45,11,1,26,1,35,2,7
45,11,1,25,1,42,2,5
45,11,1,24,1,40,2,5
45,11,1,23,1,34,2,5
45,11,1,22,1,42,2,5
45,11,1,21,1,37,2,5
45,11,1,20,1,44,3,5
45,11,1,19,1,41,3,3
45,11,1,18,1,41,3,4
45,11,1,17,1,37,3,4
45,11,1,16,1,36,2,3
45,11,1,15,1,35,2,2
45,11,1,14,1,39,2,5
45,11,1,13,1,39,2,2
45,11,1,12,1,41,2,2
45,11,1,11,1,38,2,2
45,11,1,10,1,42,3,4
45,11,1,9,1,43,3,4
45,11,1,8,1,44,3,3
45,11,1,7,1,54,4,5
45,11,1,6,1,53,4,5
45,11,1,5,1,60,4,4
45,11,1,4,1,60,4,5
45,11,1,3,1,58,4,5
45,11,1,2,1,58,4,5
45,11,1,1,1,58,4,5
46,11,1,28,1,92,5,8
46,11,1,27,1,75,4,7
46,11,1,26,1,80,4,7
46,11,1,25,1,85,4,5
46,11,1,24,1,86,4,5
46,11,1,23,1,90,5,7
46,11,1,22,1,84,4,6
46,11,1,21,1,82,4,6
46,11,1,20,1,77,4,6
46,11,1,19,1,76,4,6
46,11,1,18,1,76,4,7
46,11,1,17,1,77,4,6
46,11,1,16,1,82,4,6
46,11,1,15,1,75,4,6
46,11,1,14,1,79,4,6
46,11,1,13,1,73,4,5
46,11,1,12,1,78,4,5
46,11,1,11,1,85,4,5
46,11,1,10,1,82,4,4
46,11,1,9,1,90,4,4
46,11,1,8,1,84,4,4
46,11,1,7,1,86,4,4
46,11,1,6,1,96,4,4
46,11,1,5,1,101,4,4
46,11,1,4,1,110,5,5
46,11,1,3,1,108,5,5
46,11,1,2,1,99,5,5
46,11,1,1,1,97,5,5
50,11,1,28,1,45,3,5
50,11,1,27,1,38,3,4
50,11,1,26,1,36,3,4
50,11,1,25,1,39,4,6
50,11,1,24,1,40,4,6
50,11,1,23,1,46,4,6
50,11,1,22,1,44,4,6
50,11,1,21,1,48,4,6
50,11,1,20,1,50,4,6
50,11,1,19,1,53,4,6
50,11,1,18,1,54,4,4
50,11,1,17,1,55,4,5
50,11,1,16,1,52,4,4
50,11,1,15,1,53,4,5
50,11,1,14,1,50,4,5
50,11,1,13,1,55,4,5
50,11,1,12,1,56,4,5
50,11,1,11,1,53,4,6
50,11,1,10,1,60,4,6
50,11,1,9,1,62,4,6
50,11,1,8,1,60,4,6
50,11,1,7,1,62,4,5
50,11,1,6,1,66,4,6
50,11,1,5,1,68,4,5
50,11,1,4,1,69,4,5
50,11,1,3,1,60,3,4
50,11,1,2,1,51,3,3
50,11,1,1,1,28,2,2
51,11,1,28,0,0,0,0
51,11,1,27,0,0,0,0
51,11,1,26,0,0,0,0
51,11,1,25,0,0,0,0
51,11,1,24,0,0,0,0
51,11,1,23,0,0,0,0
51,11,1,22,0,0,0,0
51,11,1,21,0,0,0,0
51,11,1,20,0,0,0,0
51,11,1,19,0,0,0,0
51,11,1,18,0,0,0,0
51,11,1,17,0,0,0,0
51,11,1,16,0,0,0,0
51,11,1,15,0,0,0,0
51,11,1,14,0,0,0,0
51,11,1,13,0,0,0,0
51,11,1,12,0,0,0,0
51,11,1,11,0,0,0,0
51,11,1,10,0,0,0,0
51,11,1,9,0,0,0,0
51,11,1,8,0,0,0,0
51,11,1,7,0,0,0,0
51,11,1,6,0,0,0,0
51,11,1,5,0,0,0,0
51,11,1,4,0,0,0,0
51,11,1,3,0,0,0,0
51,11,1,2,0,0,0,0
51,11,1,1,1,107,4,5
56,11,1,28,1,48,4,7
56,11,1,27,1,52,4,7
56,11,1,26,1,50,4,7
56,11,1,25,1,54,4,6
56,11,1,24,1,55,4,6
56,11,1,23,1,50,4,6
56,11,1,22,1,60,4,6
56,11,1,21,1,62,4,6
56,11,1,20,1,69,4,6
56,11,1,19,1,59,4,6
56,11,1,18,1,54,4,6
56,11,1,17,1,52,4,6
56,11,1,16,1,51,4,6
56,11,1,15,1,52,4,6
56,11,1,14,1,47,4,6
56,11,1,13,1,51,4,6
56,11,1,12,1,47,4,6
56,11,1,11,1,56,4,6
56,11,1,10,1,62,4,6
56,11,1,9,1,68,4,5
56,11,1,8,1,72,4,6
56,11,1,7,1,71,4,6
56,11,1,6,1,76,4,6
56,11,1,5,1,74,4,5
56,11,1,4,1,84,4,5
56,11,1,3,1,85,4,5
56,11,1,2,1,82,4,5
56,11,1,1,1,69,4,5
57,11,1,28,1,73,4,5
57,11,1,27,1,58,4,5
57,11,1,26,1,68,4,5
57,11,1,25,1,74,4,5
57,11,1,24,1,71,4,6
57,11,1,23,1,78,4,6
57,11,1,22,1,78,4,6
57,11,1,21,1,88,4,6
57,11,1,20,1,88,4,6
57,11,1,19,1,92,4,5
57,11,1,18,1,93,4,5
57,11,1,17,1,85,4,5
57,11,1,16,1,77,4,5
57,11,1,15,1,78,4,5
57,11,1,14,1,69,4,5
57,11,1,13,1,74,4,5
57,11,1,12,1,74,4,5
57,11,1,11,1,83,4,5
57,11,1,10,1,93,4,5
57,11,1,9,1,95,4,4
57,11,1,8,1,98,4,5
57,11,1,7,1,95,4,5
57,11,1,6,1,94,4,5
57,11,1,5,1,82,4,5
57,11,1,4,1,81,4,5
57,11,1,3,1,86,4,5
57,11,1,2,1,88,4,4
57,11,1,1,1,96,4,4
59,11,1,28,0,0,0,0
59,11,1,27,0,0,0,0
59,11,1,26,0,0,0,0
59,11,1,25,0,0,0,0
59,11,1,24,0,0,0,0
59,11,1,23,0,0,0,0
59,11,1,22,0,0,0,0
59,11,1,21,0,0,0,0
59,11,1,20,0,0,0,0
59,11,1,19,0,0,0,0
59,11,1,18,0,0,0,0
59,11,1,17,0,0,0,0
59,11,1,16,0,0,0,0
59,11,1,15,0,0,0,0
59,11,1,14,0,0,0,0
59,11,1,13,0,0,0,0
59,11,1,12,1,95,6,7
59,11,1,11,1,102,6,8
59,11,1,10,1,111,7,8
59,11,1,9,1,119,7,11
59,11,1,8,1,136,7,12
59,11,1,7,1,178,9,11
59,11,1,6,1,202,9,11
59,11,1,5,1,224,10,12
59,11,1,4,1,223,10,12
59,11,1,3,1,224,10,12
59,11,1,2,1,174,7,8
59,11,1,1,1,167,7,8
62,11,1,28,1,44,4,6
62,11,1,27,1,40,4,6
62,11,1,26,1,46,4,6
62,11,1,25,1,48,4,5
62,11,1,24,1,47,4,5
62,11,1,23,1,49,3,4
62,11,1,22,1,42,3,4
62,11,1,21,1,42,3,4
62,11,1,20,1,38,3,3
62,11,1,19,1,38,3,4
62,11,1,18,1,36,3,4
62,11,1,17,1,34,3,4
62,11,1,16,1,39,3,4
62,11,1,15,1,43,3,4
62,11,1,14,1,41,3,4
62,11,1,13,1,41,3,4
62,11,1,12,1,38,3,4
62,11,1,11,1,31,3,4
62,11,1,10,1,33,3,4
62,11,1,9,1,38,3,4
62,11,1,8,1,39,3,4
62,11,1,7,1,43,3,5
62,11,1,6,1,45,3,4
62,11,1,5,1,48,3,4
62,11,1,4,1,50,4,6
62,11,1,3,1,51,4,5
62,11,1,2,1,51,4,5
62,11,1,1,1,48,4,6
1,12,2,28,1,355,17,29
1,12,2,27,1,354,16,26
1,12,2,26,1,336,16,17
1,12,2,25,1,327,15,20
1,12,2,24,1,283,14,21
1,12,2,23,1,272,14,30
1,12,2,22,1,265,14,31
1,12,2,21,1,252,13,30
1,12,2,20,1,234,12,17
1,12,2,19,1,227,12,17
1,12,2,18,1,225,12,24
1,12,2,17,1,236,14,26
1,12,2,16,1,249,15,31
1,12,2,15,1,261,15,28
1,12,2,14,1,304,17,25
1,12,2,13,1,276,14,24
1,12,2,12,1,302,15,25
1,12,2,11,1,342,16,25
1,12,2,10,1,357,16,24
1,12,2,9,1,387,17,24
1,12,2,8,1,415,18,29
1,12,2,7,1,401,18,27
1,12,2,6,1,405,19,27
1,12,2,5,1,441,19,28
1,12,2,4,1,448,19,28
1,12,2,3,1,448,18,29
1,12,2,2,1,479,18,29
1,12,2,1,1,471,17,27
35,12,2,28,1,372,18,29
35,12,2,27,1,377,18,28
35,12,2,26,1,362,18,28
35,12,2,25,1,339,18,28
35,12,2,24,1,343,18,29
35,12,2,23,1,333,18,28
35,12,2,22,1,323,18,28
35,12,2,21,1,325,18,29
35,12,2,20,1,322,18,27
35,12,2,19,1,307,17,25
35,12,2,18,1,280,16,25
35,12,2,17,1,269,15,24
35,12,2,16,1,257,12,19
35,12,2,15,1,239,11,18
35,12,2,14,1,205,10,17
35,12,2,13,1,203,9,16
35,12,2,12,1,198,9,16
35,12,2,11,1,203,10,16
35,12,2,10,1,210,10,18
35,12,2,9,1,214,10,16
35,12,2,8,1,228,10,17
35,12,2,7,1,252,11,18
35,12,2,6,1,270,12,19
35,12,2,5,1,271,12,20
35,12,2,4,1,234,10,16
35,12,2,3,0,0,0,0
35,12,2,2,0,0,0,0
35,12,2,1,0,0,0,0
43,12,2,28,1,293,16,24
43,12,2,27,1,293,16,22
43,12,2,26,1,304,16,22
43,12,2,25,1,288,16,22
43,12,2,24,1,299,16,22
43,12,2,23,1,289,16,22
43,12,2,22,1,291,16,22
43,12,2,21,1,293,16,22
43,12,2,20,1,295,16,22
43,12,2,19,1,302,17,23
43,12,2,18,1,326,18,23
43,12,2,17,1,332,18,25
43,12,2,16,1,347,18,24
43,12,2,15,1,347,18,24
43,12,2,14,1,352,18,24
43,12,2,13,1,364,18,23
43,12,2,12,1,382,18,23
43,12,2,11,1,381,18,23
43,12,2,10,1,377,18,23
43,12,2,9,1,378,18,24
43,12,2,8,1,379,18,25
43,12,2,7,1,388,18,23
43,12,2,6,0,0,0,0
43,12,2,5,0,0,0,0
43,12,2,4,0,0,0,0
43,12,2,3,0,0,0,0
43,12,2,2,0,0,0,0
43,12,2,1,0,0,0,0
59,12,2,28,1,269,13,24
59,12,2,27,1,264,13,17
59,12,2,26,1,239,12,22
59,12,2,25,1,243,13,22
59,12,2,24,1,230,12,24
59,12,2,23,1,231,13,25
59,12,2,22,1,244,15,22
59,12,2,21,1,252,15,24
59,12,2,20,1,250,16,24
59,12,2,19,1,262,16,25
59,12,2,18,1,272,16,24
59,12,2,17,1,287,18,25
59,12,2,16,1,292,18,25
59,12,2,15,1,323,18,25
59,12,2,14,1,364,19,30
59,12,2,13,1,358,19,28
59,12,2,12,1,391,19,30
59,12,2,11,1,423,20,32
59,12,2,10,1,462,21,33
59,12,2,9,1,501,22,34
59,12,2,8,1,527,23,38
59,12,2,7,1,544,24,35
59,12,2,6,1,577,25,36
59,12,2,5,1,586,25,35
59,12,2,4,1,611,26,40
59,12,2,3,1,590,26,37
59,12,2,2,1,574,24,33
59,12,2,1,1,577,23,34
60,12,2,28,1,316,17,24
60,12,2,27,1,316,17,24
60,12,2,26,1,303,17,25
60,12,2,25,1,312,16,24
60,12,2,24,1,302,15,23
60,12,2,23,1,286,16,24
60,12,2,22,1,312,17,24
60,12,2,21,1,313,17,23
60,12,2,20,1,299,17,23
60,12,2,19,1,288,16,22
60,12,2,18,1,272,15,22
60,12,2,17,1,268,15,24
60,12,2,16,1,286,16,23
60,12,2,15,1,305,16,25
60,12,2,14,1,322,16,24
60,12,2,13,1,335,16,23
60,12,2,12,1,357,17,25
60,12,2,11,1,369,17,24
60,12,2,10,1,364,17,24
60,12,2,9,1,377,17,24
60,12,2,8,1,373,17,24
60,12,2,7,1,368,17,25
60,12,2,6,1,381,18,25
60,12,2,5,1,357,18,25
60,12,2,4,1,379,18,26
60,12,2,3,1,370,18,26
60,12,2,2,1,399,18,27
60,12,2,1,1,430,19,28
1,11,3,28,1,90,4,8
1,11,3,27,0,0,0,0
1,11,3,26,0,0,0,0
1,11,3,25,1,68,4,5
1,11,3,24,1,74,4,5
1,11,3,23,1,54,4,4
1,11,3,22,1,48,4,4
1,11,3,21,1,41,4,6
1,11,3,20,1,33,4,4
1,11,3,19,1,25,4,4
1,11,3,18,1,22,4,4
1,11,3,17,0,0,0,0
1,11,3,16,0,0,0,0
1,11,3,15,1,22,4,5
1,11,3,14,1,20,3,4
1,11,3,13,1,15,2,2
1,11,3,12,1,4,1,1
1,11,3,11,0,0,0,0
1,11,3,10,0,0,0,0
1,11,3,9,0,0,0,0
1,11,3,8,0,0,0,0
1,11,3,7,0,0,0,0
1,11,3,6,0,0,0,0
1,11,3,5,0,0,0,0
1,11,3,4,0,0,0,0
1,11,3,3,0,0,0,0
1,11,3,2,0,0,0,0
1,11,3,1,0,0,0,0
1,12,3,28,0,0,0,0
1,12,3,27,1,85,4,8
1,12,3,26,1,80,4,8
1,12,3,25,0,0,0,0
1,12,3,24,0,0,0,0
1,12,3,23,0,0,0,0
1,12,3,22,0,0,0,0
1,12,3,21,0,0,0,0
1,12,3,20,0,0,0,0
1,12,3,19,0,0,0,0
1,12,3,18,0,0,0,0
1,12,3,17,1,26,6,5
1,12,3,16,1,23,5,5
1,12,3,15,0,0,0,0
1,12,3,14,0,0,0,0
1,12,3,13,0,0,0,0
1,12,3,12,0,0,0,0
1,12,3,11,0,0,0,0
1,12,3,10,0,0,0,0
1,12,3,9,0,0,0,0
1,12,3,8,0,0,0,0
1,12,3,7,0,0,0,0
1,12,3,6,0,0,0,0
1,12,3,5,0,0,0,0
1,12,3,4,0,0,0,0
1,12,3,3,0,0,0,0
1,12,3,2,0,0,0,0
1,12,3,1,0,0,0,0
